Search Query,Business Name,Phone Number,Google Maps Link
realestate in faislabad in Jaranwala Road Pakistan,Faisalabad Realtors,+92 300 8261111,https://www.google.com/maps/place/Faisalabad+Realtors/data=!4m7!3m6!1s0x39226925d3b65a37:0xe0babd5089e745b6!8m2!3d31.4124872!4d73.1150798!16s%2Fg%2F11h5pnt29v!19sChIJN1q20yVpIjkRtkXniVC9uuA?authuser=0&hl=en&g_ep=EgoyMDI2MDkwMi4wIJJjKgBIAVAD&rclk=1
realestate in faislabad in Jaranwala Road Pakistan,Faisalabad Real Estate Property Dealing Agency,+92 309 6652300,https://www.google.com/maps/place/Faisalabad+Real+Estate+Property+Dealing+Agency/data=!4m7!3m6!1s0x392267cb33ff0061:0x17c2b062f602161e!8m2!3d31.3990551!4d73.1522716!16s%2Fg%2F11yrswfgpr!19sChIJYQD_M8tnIjkRHhYC9mKwwhc?authuser=0&hl=en&g_ep=EgoyMDI2MDkwMi4wIJJjKgBIAVAD&rclk=1
realestate in faislabad in Jaranwala Road Pakistan,Realtors2 Faisalabad,+92 300 2022334,https://www.google.com/maps/place/Realtors2+Faisalabad/data=!4m7!3m6!1s0x392269670d09dfc7:0xa1275d9abcbcb334!8m2!3d31.412973!4d73.1138071!16s%2Fg%2F11p03nshf7!19sChIJx98JDWdpIjkRNLO8vJpdJ6E?authuser=0&hl=en&g_ep=EgoyMDI2MDkwMi4wIJJjKgBIAVAD&rclk=1
realestate in faislabad in Jaranwala Road Pakistan,Chenab Estate Advisors,+92 301 7168660,https://www.google.com/maps/place/Chenab+Estate+Advisors/data=!4m7!3m6!1s0x39225dbf92676b67:0xb82309ab0e76a5bf!8m2!3d31.4154534!4d73.1155461!16s%2Fg%2F11vc8bwtpj!19sChIJZ2tnkr9dIjkRv6V2DqsJI7g?authuser=0&hl=en&g_ep=EgoyMDI2MDkwMi4wIJJjKgBIAVAD&rclk=1
realestate in faislabad in Jaranwala Road Pakistan,Madni Real Estate || Best Real Estate Agency In Faisalabad,+92 301 6044097,https://www.google.com/maps/place/Madni+Real+Estate+%7C%7C+Best+Real+Estate+Agency+In+Faisalabad/data=!4m7!3m6!1s0x39226941c3501b8f:0x6afa8d38c23d7366!8m2!3d31.4095935!4d73.0976212!16s%2Fg%2F11twq4dn12!19sChIJjxtQw0FpIjkRZnM9wjiN-mo?authuser=0&hl=en&g_ep=EgoyMDI2MDkwMi4wIJJjKgBIAVAD&rclk=1
realestate in faislabad in Jaranwala Road Pakistan,Urban Real Estate,+92 312 9666551,https://www.google.com/maps/place/Urban+Real+Estate/data=!4m7!3m6!1s0x392269aee07f7963:0x8d469ea445782a0d!8m2!3d31.4131633!4d73.1135808!16s%2Fg%2F11ft70lflm!19sChIJY3l_4K5pIjkRDSp4RaSeRo0?authuser=0&hl=en&g_ep=EgoyMDI2MDkwMi4wIJJjKgBIAVAD&rclk=1
realestate in faislabad in Jaranwala Road Pakistan,LandMark Real Estate & Developers Faisalabad | Property Dealers,+92 301 7078008,https://www.google.com/maps/place/LandMark+Real+Estate+%26+Developers+Faisalabad+%7C+Property+Dealers/data=!4m7!3m6!1s0x392269b74827fe23:0x264ce9001ce5291c!8m2!3d31.4337523!4d73.1430955!16s%2Fg%2F11q7f1_274!19sChIJI_4nSLdpIjkRHCnlHADpTCY?authuser=0&hl=en&g_ep=EgoyMDI2MDkwMi4wIJJjKgBIAVAD&rclk=1
realestate in faislabad in Jaranwala Road Pakistan,AGENT 99,+92 303 7745595,https://www.google.com/maps/place/AGENT+99/data=!4m7!3m6!1s0x3922690078950def:0xcd3a0d374c086f61!8m2!3d31.4126038!4d73.1151958!16s%2Fg%2F11yr3bmzbx!19sChIJ7w2VeABpIjkRYW8ITDcNOs0?authuser=0&hl=en&g_ep=EgoyMDI2MDkwMi4wIJJjKgBIAVAD&rclk=1
realestate in faislabad in Jaranwala Road Pakistan,Faisalabad property dealers,+92 300 8676494,https://www.google.com/maps/place/Faisalabad+property+dealers/data=!4m7!3m6!1s0x39226999b41efe0f:0x4feb13d581da5aaa!8m2!3d31.4083408!4d73.1525326!16s%2Fg%2F11zb58zlm1!19sChIJD_4etJlpIjkRqlragdUT608?authuser=0&hl=en&g_ep=EgoyMDI2MDkwMi4wIJJjKgBIAVAD&rclk=1
realestate in faislabad in Jaranwala Road Pakistan,Waleed Landmark,Not Found,https://www.google.com/maps/place/Waleed+Landmark/data=!4m7!3m6!1s0x39226f86f33eb6e7:0x9f77808c50f5292d!8m2!3d31.4150286!4d73.1152781!16s%2Fg%2F11rfd5tqny!19sChIJ57Y-84ZvIjkRLSn1UIyAd58?authuser=0&hl=en&g_ep=EgoyMDI2MDkwMi4wIJJjKgBIAVAD&rclk=1
realestate in faislabad in Jaranwala Road Pakistan,Akhtar Property Dealers,+92 321 9655504,https://www.google.com/maps/place/Akhtar+Property+Dealers/data=!4m7!3m6!1s0x3922680b797d70f3:0xc639a2a25f965c66!8m2!3d31.4076705!4d73.1087516!16s%2Fg%2F1tfkjkkk!19sChIJ83B9eQtoIjkRZlyWX6KiOcY?authuser=0&hl=en&g_ep=EgoyMDI2MDkwMi4wIJJjKgBIAVAD&rclk=1
realestate in faislabad in Jaranwala Road Pakistan,Royal developer,+92 301 4101267,https://www.google.com/maps/place/Royal+developer/data=!4m7!3m6!1s0x392269febacce799:0x28d7920403cd83fd!8m2!3d31.415401!4d73.1153404!16s%2Fg%2F11sqtkpht6!19sChIJmefMuv5pIjkR_YPNAwSS1yg?authuser=0&hl=en&g_ep=EgoyMDI2MDkwMi4wIJJjKgBIAVAD&rclk=1
realestate in faislabad in Jaranwala Road Pakistan,Naqvi estate agency faisalabad,+92 300 0787906,https://www.google.com/maps/place/Naqvi+estate+agency+faisalabad/data=!4m7!3m6!1s0x3922697e140701d5:0x8e2cc44de6df30a0!8m2!3d31.4112598!4d73.0955368!16s%2Fg%2F11fsnzdqr2!19sChIJ1QEHFH5pIjkRoDDf5k3ELI4?authuser=0&hl=en&g_ep=EgoyMDI2MDkwMi4wIJJjKgBIAVAD&rclk=1
realestate in faislabad in Jaranwala Road Pakistan,اخلاق اسٹیٹ ایڈوائزر,+92 305 6363637,https://www.google.com/maps/place/%D8%A7%D8%AE%D9%84%D8%A7%D9%82+%D8%A7%D8%B3%D9%B9%DB%8C%D9%B9+%D8%A7%DB%8C%DA%88%D9%88%D8%A7%D8%A6%D8%B2%D8%B1%E2%80%AD/data=!4m7!3m6!1s0x392267703fa53ccb:0xf97d705049ea7df7!8m2!3d31.4035893!4d73.1333597!16s%2Fg%2F11nfw33qgd!19sChIJyzylP3BnIjkR933qSVBwffk?authuser=0&hl=en&g_ep=EgoyMDI2MDkwMi4wIJJjKgBIAVAD&rclk=1
realestate in faislabad in Jaranwala Road Pakistan,National Estate Advisor,+92 337 0743824,https://www.google.com/maps/place/National+Estate+Advisor/data=!4m7!3m6!1s0x392269bc5f92359d:0x2ddf311a5172e31c!8m2!3d31.4160669!4d73.1097936!16s%2Fg%2F11zdj1vgss!19sChIJnTWSX7xpIjkRHONyURox3y0?authuser=0&hl=en&g_ep=EgoyMDI2MDkwMi4wIJJjKgBIAVAD&rclk=1
realestate in faislabad in Jaranwala Road Pakistan,Pakistan Estate,+92 321 6650917,https://www.google.com/maps/place/Pakistan+Estate/data=!4m7!3m6!1s0x39226f1093ca2b2b:0x7dc2c744b262eb25!8m2!3d31.4024909!4d73.1419576!16s%2Fg%2F11n106cs33!19sChIJKyvKkxBvIjkRJetiskTHwn0?authuser=0&hl=en&g_ep=EgoyMDI2MDkwMi4wIJJjKgBIAVAD&rclk=1
realestate in faislabad in Jaranwala Road Pakistan,Property dealer faisalabad,+92 313 7200050,https://www.google.com/maps/place/Property+dealer+faisalabad/data=!4m7!3m6!1s0x39225d8d70b65f27:0xac592f1ce406fcc4!8m2!3d31.3517085!4d73.0624777!16s%2Fg%2F11fjmgj8dt!19sChIJJ1-2cI1dIjkRxPwG5BwvWaw?authuser=0&hl=en&g_ep=EgoyMDI2MDkwMi4wIJJjKgBIAVAD&rclk=1
realestate in faislabad in Jaranwala Road Pakistan,Property Markaz,+92 323 6111300,https://www.google.com/maps/place/Property+Markaz/data=!4m7!3m6!1s0x39226925243b8def:0x38bfe44da5f6066c!8m2!3d31.4137353!4d73.1138686!16s%2Fg%2F11t46vqjqv!19sChIJ7407JCVpIjkRbAb2pU3kvzg?authuser=0&hl=en&g_ep=EgoyMDI2MDkwMi4wIJJjKgBIAVAD&rclk=1
realestate in faislabad in Jaranwala Road Pakistan,Talha Real Estate - Citi Housing Faisalabad,+92 328 3300111,https://www.google.com/maps/place/Talha+Real+Estate+-+Citi+Housing+Faisalabad/data=!4m7!3m6!1s0x39225d17424ad4ef:0xd71a21862797818e!8m2!3d31.3272472!4d73.0855682!16s%2Fg%2F11ynv5r8pd!19sChIJ79RKQhddIjkRjoGXJ4YhGtc?authuser=0&hl=en&g_ep=EgoyMDI2MDkwMi4wIJJjKgBIAVAD&rclk=1
realestate in faislabad in Jaranwala Road Pakistan,Apna Ghar Real Estate Linkers,+92 336 1111336,https://www.google.com/maps/place/Apna+Ghar+Real+Estate+Linkers/data=!4m7!3m6!1s0x392267646ed93c01:0x39b66baaaa149139!8m2!3d31.4026849!4d73.1286671!16s%2Fg%2F11j1fjmljm!19sChIJATzZbmRnIjkROZEUqqprtjk?authuser=0&hl=en&g_ep=EgoyMDI2MDkwMi4wIJJjKgBIAVAD&rclk=1
realestate in faislabad in Jaranwala Road Pakistan,AL Meezan Real Estate,+92 300 6622098,https://www.google.com/maps/place/AL+Meezan+Real+Estate/data=!4m7!3m6!1s0x39226922b55c142f:0x5ac087523e850eef!8m2!3d31.427562!4d73.1527107!16s%2Fg%2F11s17q8zbf!19sChIJLxRctSJpIjkR7w6FPlKHwFo?authuser=0&hl=en&g_ep=EgoyMDI2MDkwMi4wIJJjKgBIAVAD&rclk=1
realestate in faislabad in Jaranwala Road Pakistan,Kundi Estate Consultant,+92 300 9825000,https://www.google.com/maps/place/Kundi+Estate+Consultant/data=!4m7!3m6!1s0x392267f608666583:0x860ed519e75eeacd!8m2!3d31.391402!4d73.1661984!16s%2Fg%2F11lssfkm65!19sChIJg2VmCPZnIjkRzepe5xnVDoY?authuser=0&hl=en&g_ep=EgoyMDI2MDkwMi4wIJJjKgBIAVAD&rclk=1
realestate in faislabad in Jaranwala Road Pakistan,Master Estate Agency,+92 312 7653912,https://www.google.com/maps/place/Master+Estate+Agency/data=!4m7!3m6!1s0x39226723f116bceb:0x10970f14ee2662f3!8m2!3d31.3903615!4d73.1000491!16s%2Fg%2F11fj_wlf0m!19sChIJ67wW8SNnIjkR82Im7hQPlxA?authuser=0&hl=en&g_ep=EgoyMDI2MDkwMi4wIJJjKgBIAVAD&rclk=1
realestate in faislabad in Jaranwala Road Pakistan,Umer Estate,+92 300 9791225,https://www.google.com/maps/place/Umer+Estate/data=!4m7!3m6!1s0x392265b65e36bb1b:0xf0331c6835688db5!8m2!3d31.3970638!4d73.182591!16s%2Fg%2F11t9_g6n22!19sChIJG7s2XrZlIjkRtY1oNWgcM_A?authuser=0&hl=en&g_ep=EgoyMDI2MDkwMi4wIJJjKgBIAVAD&rclk=1
realestate in faislabad in Jaranwala Road Pakistan,Hanzala Real Estate,+92 300 7273078,https://www.google.com/maps/place/Hanzala+Real+Estate/data=!4m7!3m6!1s0x3922690a50abf7d3:0xdf9504dc756ca2e8!8m2!3d31.4293028!4d73.1523817!16s%2Fg%2F11trlqb6k5!19sChIJ0_erUAppIjkR6KJsddwEld8?authuser=0&hl=en&g_ep=EgoyMDI2MDkwMi4wIJJjKgBIAVAD&rclk=1
realestate in faislabad in Jaranwala Road Pakistan,Attari Estate,+92 300 6384666,https://www.google.com/maps/place/Attari+Estate/data=!4m7!3m6!1s0x3922692d763e0793:0x2ea375290caccfe8!8m2!3d31.4208515!4d73.178557!16s%2Fg%2F11r_gjr32d!19sChIJkwc-di1pIjkR6M-sDCl1oy4?authuser=0&hl=en&g_ep=EgoyMDI2MDkwMi4wIJJjKgBIAVAD&rclk=1
realestate in faislabad in Jaranwala Road Pakistan,Aqeeq Property Pvt Ltd,+92 307 8277775,https://www.google.com/maps/place/Aqeeq+Property+Pvt+Ltd/data=!4m7!3m6!1s0x3922670b0cbbeb7f:0xbaa96f0405fc9698!8m2!3d31.3912702!4d73.1661003!16s%2Fg%2F11jcx2nmsm!19sChIJf-u7DAtnIjkRmJb8BQRvqbo?authuser=0&hl=en&g_ep=EgoyMDI2MDkwMi4wIJJjKgBIAVAD&rclk=1
realestate in faislabad in Jaranwala Road Pakistan,Al Farooq Estate Faisalabad,+92 300 6606131,https://www.google.com/maps/place/Al+Farooq+Estate+Faisalabad/data=!4m7!3m6!1s0x392243c2cfb448e3:0x29c34cfbd6a89af!8m2!3d31.4100535!4d73.0556895!16s%2Fg%2F11l6f3x_w2!19sChIJ40i0z8JDIjkRr4lqvc80nAI?authuser=0&hl=en&g_ep=EgoyMDI2MDkwMi4wIJJjKgBIAVAD&rclk=1
realestate in faislabad in Jaranwala Road Pakistan,Akhtar Property Dealers,+92 321 9655504,https://www.google.com/maps/place/Akhtar+Property+Dealers/data=!4m7!3m6!1s0x3922680b797d70f3:0xc639a2a25f965c66!8m2!3d31.4076705!4d73.1087516!16s%2Fg%2F1tfkjkkk!19sChIJ83B9eQtoIjkRZlyWX6KiOcY?authuser=0&hl=en&g_ep=EgoyMDI2MDkwMi4wIJJjKgBIAVAD&rclk=1
realestate in faislabad in Jaranwala Road Pakistan,Sitara park City jaranwala road,Not Found,https://www.google.com/maps/place/Sitara+park+City+jaranwala+road/data=!4m7!3m6!1s0x39226700441fd1f1:0xce76c4cedda087a0!8m2!3d31.3889783!4d73.1565883!16s%2Fg%2F11yzc21jl1!19sChIJ8dEfRABnIjkRoIeg3c7Eds4?authuser=0&hl=en&g_ep=EgoyMDI2MDkwMi4wIJJjKgBIAVAD&rclk=1
realestate in faislabad in Jaranwala Road Pakistan,Rizwan Estate Faisalabad,+92 321 7536613,https://www.google.com/maps/place/Rizwan+Estate+Faisalabad/data=!4m7!3m6!1s0x3922698ff104fa31:0xb357291c62298a62!8m2!3d31.4360099!4d73.1080902!16s%2Fg%2F11ft1c1m00!19sChIJMfoE8Y9pIjkRYoopYhwpV7M?authuser=0&hl=en&g_ep=EgoyMDI2MDkwMi4wIJJjKgBIAVAD&rclk=1
realestate in faislabad in Jaranwala Road Pakistan,Shahenshah Estate Developers,+92 300 9298373,https://www.google.com/maps/place/Shahenshah+Estate+Developers/data=!4m7!3m6!1s0xaf2b0988ec25d5cf:0x993425c1f3ea4cd7!8m2!3d29.2666503!4d68.2839529!16s%2Fg%2F11mrtt45lg!19sChIJz9Ul7IgJK68R10zq88ElNJk?authuser=0&hl=en&g_ep=EgoyMDI2MDkwMi4wIJJjKgBIAVAD&rclk=1
realestate in faislabad in Jaranwala Road Pakistan,215 RB Kakuana Nasheman Town Jaranwala Road Faisalabad,Not Found,https://www.google.com/maps/place/215+RB+Kakuana+Nasheman+Town+Jaranwala+Road+Faisalabad/data=!4m7!3m6!1s0x392267006ccc3763:0x36670999af69c93d!8m2!3d31.4021267!4d73.1645659!16s%2Fg%2F11z5x9db49!19sChIJYzfMbABnIjkRPclpr5kJZzY?authuser=0&hl=en&g_ep=EgoyMDI2MDkwMi4wIJJjKgBIAVAD&rclk=1
realestate in faislabad in Jaranwala Road Pakistan,TOP REALTORS PVT LTD,Not Found,https://www.google.com/maps/place/TOP+REALTORS+PVT+LTD/data=!4m7!3m6!1s0x392267c78b0f11f5:0x6c6d6868d1f8d37a!8m2!3d31.3990551!4d73.1522716!16s%2Fg%2F11vdq3jhw3!19sChIJ9REPi8dnIjkRetP40WhobWw?authuser=0&hl=en&g_ep=EgoyMDI2MDkwMi4wIJJjKgBIAVAD&rclk=1
realestate in faislabad in Jaranwala Road Pakistan,Faisalabad Real Estate,+92 322 6020921,https://www.google.com/maps/place/Faisalabad+Real+Estate/data=!4m7!3m6!1s0x3922695e459190c3:0x16991862a6e43d76!8m2!3d31.4267036!4d73.1534704!16s%2Fg%2F11yv61671q!19sChIJw5CRRV5pIjkRdj3kpmIYmRY?authuser=0&hl=en&g_ep=EgoyMDI2MDkwMi4wIJJjKgBIAVAD&rclk=1
realestate in faislabad in Jaranwala Road Pakistan,Park City,Not Found,https://www.google.com/maps/place/Park+City/data=!4m7!3m6!1s0x392267b9b18723df:0x68af9b54228cfa82!8m2!3d31.3973318!4d73.1578316!16s%2Fg%2F11hzg_t0rp!19sChIJ3yOHsblnIjkRgvqMIlSbr2g?authuser=0&hl=en&g_ep=EgoyMDI2MDkwMi4wIJJjKgBIAVAD&rclk=1
realestate in faislabad in Jaranwala Road Pakistan,Top City Faisalabad - ZM Marketing,+92 306 7171531,https://www.google.com/maps/place/Top+City+Faisalabad+-+ZM+Marketing/data=!4m7!3m6!1s0x39225deb92648ee7:0x15f67f4f30703c86!8m2!3d31.3285396!4d73.1126858!16s%2Fg%2F11t_z1rfsp!19sChIJ545kkutdIjkRhjxwME9_9hU?authuser=0&hl=en&g_ep=EgoyMDI2MDkwMi4wIJJjKgBIAVAD&rclk=1
realestate in faislabad in Jaranwala Road Pakistan,Al Barkat Real Estate,+92 319 0209697,https://www.google.com/maps/place/Al+Barkat+Real+Estate/data=!4m7!3m6!1s0x3922698d714b9283:0x113b98a586ce1c1!8m2!3d31.4096734!4d73.1551237!16s%2Fg%2F11s2yhhnhd!19sChIJg5JLcY1pIjkRweFsWIq5EwE?authuser=0&hl=en&g_ep=EgoyMDI2MDkwMi4wIJJjKgBIAVAD&rclk=1
realestate in faislabad in Jaranwala Road Pakistan,Bismillah Garden,+92 321 6602199,https://www.google.com/maps/place/Bismillah+Garden/data=!4m7!3m6!1s0x39226798894de177:0x96a660e4a81bda95!8m2!3d31.3943125!4d73.1800625!16s%2Fg%2F11j5j8llg4!19sChIJd-FNiZhnIjkRldobqORgppY?authuser=0&hl=en&g_ep=EgoyMDI2MDkwMi4wIJJjKgBIAVAD&rclk=1
realestate in faislabad in Jaranwala Road Pakistan,Fatima Plaza Super Jalvi Market Jaranwala road Faisalabad,+92 302 7906561,https://www.google.com/maps/place/Fatima+Plaza+Super+Jalvi+Market+Jaranwala+road+Faisalabad/data=!4m7!3m6!1s0x3922695539d0b25f:0x850cae354aa6ed8b!8m2!3d31.4048459!4d73.1249891!16s%2Fg%2F11lgjr11hw!19sChIJX7LQOVVpIjkRi-2mSjWuDIU?authuser=0&hl=en&g_ep=EgoyMDI2MDkwMi4wIJJjKgBIAVAD&rclk=1
realestate in faislabad in Jaranwala Road Pakistan,MGG Real Estate & Developers,+92 307 2392732,https://www.google.com/maps/place/MGG+Real+Estate+%26+Developers/data=!4m7!3m6!1s0x392269d17e365e2d:0x493e336563c4dfb7!8m2!3d31.4268367!4d73.149734!16s%2Fg%2F11tdcn5cfq!19sChIJLV42ftFpIjkRt9_EY2UzPkk?authuser=0&hl=en&g_ep=EgoyMDI2MDkwMi4wIJJjKgBIAVAD&rclk=1
realestate in faislabad in Jaranwala Road Pakistan,Naeem Estate Agency,+92 322 6364800,https://www.google.com/maps/place/Naeem+Estate+Agency/data=!4m7!3m6!1s0x392267d50b9b2cff:0x595603b8a6d4971b!8m2!3d31.4040691!4d73.1323361!16s%2Fg%2F12mkzzvm2!19sChIJ_yybC9VnIjkRG5fUprgDVlk?authuser=0&hl=en&g_ep=EgoyMDI2MDkwMi4wIJJjKgBIAVAD&rclk=1
realestate in faislabad in Jaranwala Road Pakistan,UK REAL ESTATE,+92 306 7270631,https://www.google.com/maps/place/UK+REAL+ESTATE/data=!4m7!3m6!1s0x392267f2b050fcf7:0xd592d2348ed94afa!8m2!3d31.374037!4d73.1327496!16s%2Fg%2F11pq52f8jj!19sChIJ9_xQsPJnIjkR-krZjjTSktU?authuser=0&hl=en&g_ep=EgoyMDI2MDkwMi4wIJJjKgBIAVAD&rclk=1
realestate in faislabad in Jaranwala Road Pakistan,Gulberg Valley,+92 300 6688402,https://www.google.com/maps/place/Gulberg+Valley/data=!4m7!3m6!1s0x392266208df39685:0xfe2b77ddad8a02c5!8m2!3d31.4089717!4d73.1538766!16s%2Fg%2F11cmccfgpj!19sChIJhZbzjSBmIjkRxQKKrd13K_4?authuser=0&hl=en&g_ep=EgoyMDI2MDkwMi4wIJJjKgBIAVAD&rclk=1
realestate in faislabad in Jaranwala Road Pakistan,National Estate Advisor,+92 337 0743824,https://www.google.com/maps/place/National+Estate+Advisor/data=!4m7!3m6!1s0x392269bc5f92359d:0x2ddf311a5172e31c!8m2!3d31.4160669!4d73.1097936!16s%2Fg%2F11zdj1vgss!19sChIJnTWSX7xpIjkRHONyURox3y0?authuser=0&hl=en&g_ep=EgoyMDI2MDkwMi4wIJJjKgBIAVAD&rclk=1
realestate in faislabad in Jaranwala Road Pakistan,Zee Real Estates,+92 300 5378199,https://www.google.com/maps/place/Zee+Real+Estates/data=!4m7!3m6!1s0x39226fc856ab6d4f:0xdf319d203c3d4b39!8m2!3d31.4752806!4d73.2166329!16s%2Fg%2F11qr966x31!19sChIJT22rVshvIjkROUs9PCCdMd8?authuser=0&hl=en&g_ep=EgoyMDI2MDkwMi4wIJJjKgBIAVAD&rclk=1
realestate in faislabad in Jaranwala Road Pakistan,Property Markaz,+92 323 6111300,https://www.google.com/maps/place/Property+Markaz/data=!4m7!3m6!1s0x39226925243b8def:0x38bfe44da5f6066c!8m2!3d31.4137353!4d73.1138686!16s%2Fg%2F11t46vqjqv!19sChIJ7407JCVpIjkRbAb2pU3kvzg?authuser=0&hl=en&g_ep=EgoyMDI2MDkwMi4wIJJjKgBIAVAD&rclk=1
realestate in faislabad in Jaranwala Road Pakistan,Mian Brothers Estate Agency,Not Found,https://www.google.com/maps/place/Mian+Brothers+Estate+Agency/data=!4m7!3m6!1s0x392242a505bff8c1:0xdacb8a32f9bdd9d!8m2!3d31.4115728!4d73.0784479!16s%2Fg%2F11bbvpn74p!19sChIJwfi_BaVCIjkRnd2bL6O4rA0?authuser=0&hl=en&g_ep=EgoyMDI2MDkwMi4wIJJjKgBIAVAD&rclk=1
realestate in faislabad in Jaranwala Road Pakistan,Siddiqia Estate,+92 300 8684047,https://www.google.com/maps/place/Siddiqia+Estate/data=!4m7!3m6!1s0x392267b5455239c9:0xd3760ba82f578f8d!8m2!3d31.4027379!4d73.1420137!16s%2Fg%2F11y84kqxrz!19sChIJyTlSRbVnIjkRjY9XL6gLdtM?authuser=0&hl=en&g_ep=EgoyMDI2MDkwMi4wIJJjKgBIAVAD&rclk=1
realestate in faislabad in Jaranwala Road Pakistan,Nawaz Estates Faisalabad,+92 334 0639007,https://www.google.com/maps/place/Nawaz+Estates+Faisalabad/data=!4m7!3m6!1s0x3922695351fddea7:0xe854bd7b39bd33fe!8m2!3d31.4160198!4d73.1256755!16s%2Fg%2F11j0d3r227!19sChIJp979UVNpIjkR_jO9OXu9VOg?authuser=0&hl=en&g_ep=EgoyMDI2MDkwMi4wIJJjKgBIAVAD&rclk=1
realestate in faislabad in Jaranwala Road Pakistan,Allah BadShah Estate Agency,+92 300 7849090,https://www.google.com/maps/place/Allah+BadShah+Estate+Agency/data=!4m7!3m6!1s0x392267bbba18c0b7:0x382673c3d2cfd7df!8m2!3d31.3867424!4d73.1242112!16s%2Fg%2F11fjbp6zhf!19sChIJt8AYurtnIjkR39fP0sNzJjg?authuser=0&hl=en&g_ep=EgoyMDI2MDkwMi4wIJJjKgBIAVAD&rclk=1
realestate in faislabad in Jaranwala Road Pakistan,Rajpoot Real Estate,+92 306 6120708,https://www.google.com/maps/place/Rajpoot+Real+Estate/data=!4m7!3m6!1s0x39225d00555cb0f5:0xd8de6b0635522eb3!8m2!3d31.348823!4d73.0697666!16s%2Fg%2F11ldgvd4xg!19sChIJ9bBcVQBdIjkRsy5SNQZr3tg?authuser=0&hl=en&g_ep=EgoyMDI2MDkwMi4wIJJjKgBIAVAD&rclk=1
realestate in faislabad in Jaranwala Road Pakistan,Pine Garden,+92 300 0207576,https://www.google.com/maps/place/Pine+Garden/data=!4m7!3m6!1s0x39226586d4cc79f1:0x682324ee7d8a137f!8m2!3d31.397706!4d73.195097!16s%2Fg%2F11j0zsn03l!19sChIJ8XnM1IZlIjkRfxOKfe4kI2g?authuser=0&hl=en&g_ep=EgoyMDI2MDkwMi4wIJJjKgBIAVAD&rclk=1
realestate in faislabad in Jaranwala Road Pakistan,Right Choice.com,+92 300 8603666,https://www.google.com/maps/place/Right+Choice.com/data=!4m7!3m6!1s0x39226f8e8f70c7dd:0xf2fc8a0bb430a600!8m2!3d31.4250028!4d73.1920235!16s%2Fg%2F11z2kh1cp2!19sChIJ3cdwj45vIjkRAKYwtAuK_PI?authuser=0&hl=en&g_ep=EgoyMDI2MDkwMi4wIJJjKgBIAVAD&rclk=1
realestate in faislabad in Jaranwala Road Pakistan,City Centre Commercial Market,Not Found,https://www.google.com/maps/place/City+Centre+Commercial+Market/data=!4m7!3m6!1s0x3922675c6f3a8257:0xe3de515956c0a489!8m2!3d31.3942655!4d73.1767219!16s%2Fg%2F11nym8bj58!19sChIJV4I6b1xnIjkRiaTAVllR3uM?authuser=0&hl=en&g_ep=EgoyMDI2MDkwMi4wIJJjKgBIAVAD&rclk=1
realestate in faislabad in Jaranwala Road Pakistan,Faisal Heights,+92 300 7623653,https://www.google.com/maps/place/Faisal+Heights/data=!4m7!3m6!1s0x392269a8a4a8786b:0x1c6c8b7d7732015d!8m2!3d31.4037319!4d73.1060907!16s%2Fg%2F11ml2f0k5j!19sChIJa3iopKhpIjkRXQEyd32LbBw?authuser=0&hl=en&g_ep=EgoyMDI2MDkwMi4wIJJjKgBIAVAD&rclk=1
realestate in faislabad in Jaranwala Road Pakistan,HN ESTATE,+92 300 1766161,https://www.google.com/maps/place/HN+ESTATE/data=!4m7!3m6!1s0x392267f52d477da1:0x79ec355f7b11f449!8m2!3d31.4041977!4d73.127506!16s%2Fg%2F11q9460kc7!19sChIJoX1HLfVnIjkRSfQRe1817Hk?authuser=0&hl=en&g_ep=EgoyMDI2MDkwMi4wIJJjKgBIAVAD&rclk=1
realestate in faislabad in Jaranwala Road Pakistan,Crystal Pakistan,+92 300 7997711,https://www.google.com/maps/place/Crystal+Pakistan/data=!4m7!3m6!1s0x61cc61445f118ee9:0xf5bcc9e4a99405ec!8m2!3d32.5270456!4d73.6706674!16s%2Fg%2F11sjzwvfm2!19sChIJ6Y4RX0RhzGER7AWUqeTJvPU?authuser=0&hl=en&g_ep=EgoyMDI2MDkwMi4wIJJjKgBIAVAD&rclk=1
realestate in faislabad in Jaranwala Road Pakistan,Anwar Estate,+92 300 8873037,https://www.google.com/maps/place/Anwar+Estate/data=!4m7!3m6!1s0x39226f339af8fbe1:0x3a33ae91f506b70a!8m2!3d31.4277011!4d73.1891356!16s%2Fg%2F11q58ff3_d!19sChIJ4fv4mjNvIjkRCrcG9ZGuMzo?authuser=0&hl=en&g_ep=EgoyMDI2MDkwMi4wIJJjKgBIAVAD&rclk=1
realestate in faislabad in Jaranwala Road Pakistan,Ghalib City,Not Found,https://www.google.com/maps/place/Ghalib+City/data=!4m7!3m6!1s0x3922699280819d17:0xc3a3299a5b51c488!8m2!3d31.4208163!4d73.1467672!16s%2Fg%2F11h18z3bf9!19sChIJF52BgJJpIjkRiMRRW5opo8M?authuser=0&hl=en&g_ep=EgoyMDI2MDkwMi4wIJJjKgBIAVAD&rclk=1
realestate in faislabad in Jaranwala Road Pakistan,Al Misaq Properties,+92 313 8549644,https://www.google.com/maps/place/Al+Misaq+Properties/data=!4m7!3m6!1s0x3922693048b7b127:0x97047249edf51a18!8m2!3d31.4111638!4d73.1159901!16s%2Fg%2F11s_cvg11m!19sChIJJ7G3SDBpIjkRGBr17UlyBJc?authuser=0&hl=en&g_ep=EgoyMDI2MDkwMi4wIJJjKgBIAVAD&rclk=1
realestate in faislabad in Jaranwala Road Pakistan,ArzaayPak.com: Your Real Estate Experts,+92 321 3219321,https://www.google.com/maps/place/ArzaayPak.com:+Your+Real+Estate+Experts/data=!4m7!3m6!1s0x392269e9b5d5bc29:0x47e7bc23ed23e89!8m2!3d31.4555814!4d73.1600294!16s%2Fg%2F11sdykhz6b!19sChIJKbzVtelpIjkRiT7SPsJ7fgQ?authuser=0&hl=en&g_ep=EgoyMDI2MDkwMi4wIJJjKgBIAVAD&rclk=1
realestate in faislabad in Jaranwala Road Pakistan,Buy Sell Rent - BuySellRent.Com.PK,+92 321 0661818,https://www.google.com/maps/place/Buy+Sell+Rent+-+BuySellRent.Com.PK/data=!4m7!3m6!1s0x3922692c7ac15063:0x9065f80f8e962a14!8m2!3d31.4132175!4d73.1135256!16s%2Fg%2F11zjq9wtsq!19sChIJY1DBeixpIjkRFCqWjg_4ZZA?authuser=0&hl=en&g_ep=EgoyMDI2MDkwMi4wIJJjKgBIAVAD&rclk=1
realestate in faislabad in Jaranwala Road Pakistan,Lyallpur Smart City Office,+92 311 0088776,https://www.google.com/maps/place/Lyallpur+Smart+City+Office/data=!4m7!3m6!1s0x392269063bd5a759:0x970d406f6fa0875e!8m2!3d31.4118095!4d73.1156834!16s%2Fg%2F11shkbzbr8!19sChIJWafVOwZpIjkRXoegb29ADZc?authuser=0&hl=en&g_ep=EgoyMDI2MDkwMi4wIJJjKgBIAVAD&rclk=1
realestate in faislabad in Jaranwala Road Pakistan,Al-Mohammad Estate Agency,+92 300 6679855,https://www.google.com/maps/place/Al-Mohammad+Estate+Agency/data=!4m7!3m6!1s0x392268778d13104d:0xa0a6190638d151f5!8m2!3d31.4057963!4d73.1225065!16s%2Fg%2F12mkwgpjk!19sChIJTRATjXdoIjkR9VHROAYZpqA?authuser=0&hl=en&g_ep=EgoyMDI2MDkwMi4wIJJjKgBIAVAD&rclk=1
realestate in faislabad in Jaranwala Road Pakistan,Arain House,+92 305 9725067,https://www.google.com/maps/place/Arain+House/data=!4m7!3m6!1s0x3922690027619233:0x3090a72184605036!8m2!3d31.4187162!4d73.1096252!16s%2Fg%2F11z40s9fk7!19sChIJM5JhJwBpIjkRNlBghCGnkDA?authuser=0&hl=en&g_ep=EgoyMDI2MDkwMi4wIJJjKgBIAVAD&rclk=1
realestate in faislabad in Jaranwala Road Pakistan,Well Wisher Pak Land Real Estate.,Not Found,https://www.google.com/maps/place/Well+Wisher+Pak+Land+Real+Estate./data=!4m7!3m6!1s0x39225d0079987267:0x4279cbbbc8204ce5!8m2!3d31.3566381!4d73.0066455!16s%2Fg%2F11x64sq26q!19sChIJZ3KYeQBdIjkR5UwgyLvLeUI?authuser=0&hl=en&g_ep=EgoyMDI2MDkwMi4wIJJjKgBIAVAD&rclk=1
realestate in faislabad in Jaranwala Road Pakistan,Rana House,Not Found,https://www.google.com/maps/place/Rana+House/data=!4m7!3m6!1s0x3922670022fc7771:0xfe1ade39a0a641bf!8m2!3d31.3995455!4d73.1495126!16s%2Fg%2F11z2wxtfcw!19sChIJcXf8IgBnIjkRv0GmoDneGv4?authuser=0&hl=en&g_ep=EgoyMDI2MDkwMi4wIJJjKgBIAVAD&rclk=1
realestate in faislabad in D Ground Pakistan,Faisalabad Real Estate Property Dealing Agency,+92 309 6652300,https://www.google.com/maps/place/Faisalabad+Real+Estate+Property+Dealing+Agency/data=!4m7!3m6!1s0x392267cb33ff0061:0x17c2b062f602161e!8m2!3d31.3990551!4d73.1522716!16s%2Fg%2F11yrswfgpr!19sChIJYQD_M8tnIjkRHhYC9mKwwhc?authuser=0&hl=en&g_ep=EgoyMDI2MDkwMi4wIJJjKgBIAVAD&rclk=1
realestate in faislabad in D Ground Pakistan,Madni Real Estate || Best Real Estate Agency In Faisalabad,+92 301 6044097,https://www.google.com/maps/place/Madni+Real+Estate+%7C%7C+Best+Real+Estate+Agency+In+Faisalabad/data=!4m7!3m6!1s0x39226941c3501b8f:0x6afa8d38c23d7366!8m2!3d31.4095935!4d73.0976212!16s%2Fg%2F11twq4dn12!19sChIJjxtQw0FpIjkRZnM9wjiN-mo?authuser=0&hl=en&g_ep=EgoyMDI2MDkwMi4wIJJjKgBIAVAD&rclk=1
realestate in faislabad in D Ground Pakistan,Talha Real Estate - Citi Housing Faisalabad,+92 328 3300111,https://www.google.com/maps/place/Talha+Real+Estate+-+Citi+Housing+Faisalabad/data=!4m7!3m6!1s0x39225d17424ad4ef:0xd71a21862797818e!8m2!3d31.3272472!4d73.0855682!16s%2Fg%2F11ynv5r8pd!19sChIJ79RKQhddIjkRjoGXJ4YhGtc?authuser=0&hl=en&g_ep=EgoyMDI2MDkwMi4wIJJjKgBIAVAD&rclk=1
realestate in faislabad in D Ground Pakistan,GRACE Properties wapda city Faisalabad,+92 300 7987660,https://www.google.com/maps/place/GRACE+Properties+wapda+city+Faisalabad/data=!4m7!3m6!1s0x39226ffe196b589b:0xb608bfc3ee395291!8m2!3d31.4999519!4d73.2188574!16s%2Fg%2F11j1l3s2gm!19sChIJm1hrGf5vIjkRkVI57sO_CLY?authuser=0&hl=en&g_ep=EgoyMDI2MDkwMi4wIJJjKgBIAVAD&rclk=1
realestate in faislabad in D Ground Pakistan,LandMark Real Estate & Developers Faisalabad | Property Dealers,+92 301 7078008,https://www.google.com/maps/place/LandMark+Real+Estate+%26+Developers+Faisalabad+%7C+Property+Dealers/data=!4m7!3m6!1s0x392269b74827fe23:0x264ce9001ce5291c!8m2!3d31.4337523!4d73.1430955!16s%2Fg%2F11q7f1_274!19sChIJI_4nSLdpIjkRHCnlHADpTCY?authuser=0&hl=en&g_ep=EgoyMDI2MDkwMi4wIJJjKgBIAVAD&rclk=1
realestate in faislabad in D Ground Pakistan,Zee Real Estates,+92 300 5378199,https://www.google.com/maps/place/Zee+Real+Estates/data=!4m7!3m6!1s0x39226fc856ab6d4f:0xdf319d203c3d4b39!8m2!3d31.4752806!4d73.2166329!16s%2Fg%2F11qr966x31!19sChIJT22rVshvIjkROUs9PCCdMd8?authuser=0&hl=en&g_ep=EgoyMDI2MDkwMi4wIJJjKgBIAVAD&rclk=1
realestate in faislabad in D Ground Pakistan,ArzaayPak.com: Your Real Estate Experts,+92 321 3219321,https://www.google.com/maps/place/ArzaayPak.com:+Your+Real+Estate+Experts/data=!4m7!3m6!1s0x392269e9b5d5bc29:0x47e7bc23ed23e89!8m2!3d31.4555814!4d73.1600294!16s%2Fg%2F11sdykhz6b!19sChIJKbzVtelpIjkRiT7SPsJ7fgQ?authuser=0&hl=en&g_ep=EgoyMDI2MDkwMi4wIJJjKgBIAVAD&rclk=1
realestate in faislabad in D Ground Pakistan,Property dealer faisalabad,+92 313 7200050,https://www.google.com/maps/place/Property+dealer+faisalabad/data=!4m7!3m6!1s0x39225d8d70b65f27:0xac592f1ce406fcc4!8m2!3d31.3517085!4d73.0624777!16s%2Fg%2F11fjmgj8dt!19sChIJJ1-2cI1dIjkRxPwG5BwvWaw?authuser=0&hl=en&g_ep=EgoyMDI2MDkwMi4wIJJjKgBIAVAD&rclk=1
realestate in faislabad in D Ground Pakistan,Faisalabad Realtors,+92 300 8261111,https://www.google.com/maps/place/Faisalabad+Realtors/data=!4m7!3m6!1s0x39226925d3b65a37:0xe0babd5089e745b6!8m2!3d31.4124872!4d73.1150798!16s%2Fg%2F11h5pnt29v!19sChIJN1q20yVpIjkRtkXniVC9uuA?authuser=0&hl=en&g_ep=EgoyMDI2MDkwMi4wIJJjKgBIAVAD&rclk=1
realestate in faislabad in D Ground Pakistan,Chenab Estate Advisors,+92 301 7168660,https://www.google.com/maps/place/Chenab+Estate+Advisors/data=!4m7!3m6!1s0x39225dbf92676b67:0xb82309ab0e76a5bf!8m2!3d31.4154534!4d73.1155461!16s%2Fg%2F11vc8bwtpj!19sChIJZ2tnkr9dIjkRv6V2DqsJI7g?authuser=0&hl=en&g_ep=EgoyMDI2MDkwMi4wIJJjKgBIAVAD&rclk=1
realestate in faislabad in D Ground Pakistan,Faisalabad Property Dealer,+92 300 7009406,https://www.google.com/maps/place/Faisalabad+Property+Dealer/data=!4m7!3m6!1s0x39224339013ed9dd:0xa24eefe035511fd8!8m2!3d31.4571032!4d73.083312!16s%2Fg%2F11ptvh1bb0!19sChIJ3dk-ATlDIjkR2B9RNeDvTqI?authuser=0&hl=en&g_ep=EgoyMDI2MDkwMi4wIJJjKgBIAVAD&rclk=1
realestate in faislabad in D Ground Pakistan,Real estate,+92 323 7273226,https://www.google.com/maps/place/Real+estate/data=!4m7!3m6!1s0x392267abe79362bd:0x8886b2d02c37e714!8m2!3d31.3591136!4d73.1487532!16s%2Fg%2F11grv2n3wb!19sChIJvWKT56tnIjkRFOc3LNCyhog?authuser=0&hl=en&g_ep=EgoyMDI2MDkwMi4wIJJjKgBIAVAD&rclk=1
realestate in faislabad in D Ground Pakistan,Master Estate Agency,+92 312 7653912,https://www.google.com/maps/place/Master+Estate+Agency/data=!4m7!3m6!1s0x39226723f116bceb:0x10970f14ee2662f3!8m2!3d31.3903615!4d73.1000491!16s%2Fg%2F11fj_wlf0m!19sChIJ67wW8SNnIjkR82Im7hQPlxA?authuser=0&hl=en&g_ep=EgoyMDI2MDkwMi4wIJJjKgBIAVAD&rclk=1
realestate in faislabad in D Ground Pakistan,ابوبکر گرمانی چوک (AD Real Estate),+92 300 5355541,https://www.google.com/maps/place/%D8%A7%D8%A8%D9%88%D8%A8%DA%A9%D8%B1+%DA%AF%D8%B1%D9%85%D8%A7%D9%86%DB%8C+%DA%86%D9%88%DA%A9+%28AD+Real+Estate%29%E2%80%AD/data=!4m7!3m6!1s0x392269007f3629a3:0x1b8bde1cae412aa6!8m2!3d31.4239912!4d73.1429188!16s%2Fg%2F11yv_63tsl!19sChIJoyk2fwBpIjkRpipBrhzeixs?authuser=0&hl=en&g_ep=EgoyMDI2MDkwMi4wIJJjKgBIAVAD&rclk=1
realestate in faislabad in D Ground Pakistan,Real estate property dealer faislabad,+92 309 7194021,https://www.google.com/maps/place/Real+estate+property+dealer+faislabad/data=!4m7!3m6!1s0x3922675eee7f1815:0x25152eba8ea384d9!8m2!3d31.3734912!4d73.1246979!16s%2Fg%2F11zg9nxlx3!19sChIJFRh_7l5nIjkR2YSjjrouFSU?authuser=0&hl=en&g_ep=EgoyMDI2MDkwMi4wIJJjKgBIAVAD&rclk=1
realestate in faislabad in D Ground Pakistan,Haven Properties,+92 321 5325555,https://www.google.com/maps/place/Haven+Properties/data=!4m7!3m6!1s0x3922433a6a19d1ad:0x2054715222ee3e08!8m2!3d31.4039684!4d73.1040737!16s%2Fg%2F11m_d665_8!19sChIJrdEZajpDIjkRCD7uIlJxVCA?authuser=0&hl=en&g_ep=EgoyMDI2MDkwMi4wIJJjKgBIAVAD&rclk=1
realestate in faislabad in D Ground Pakistan,Property Dealer Faisalabad,+92 301 2241616,https://www.google.com/maps/place/Property+Dealer+Faisalabad/data=!4m7!3m6!1s0x3922691f9b1cb62f:0xbec0701d1c47ca1f!8m2!3d31.4879559!4d73.1061883!16s%2Fg%2F11z7sphcq5!19sChIJL7Ycmx9pIjkRH8pHHB1wwL4?authuser=0&hl=en&g_ep=EgoyMDI2MDkwMi4wIJJjKgBIAVAD&rclk=1
realestate in faislabad in D Ground Pakistan,MGG Real Estate & Developers,+92 307 2392732,https://www.google.com/maps/place/MGG+Real+Estate+%26+Developers/data=!4m7!3m6!1s0x392269d17e365e2d:0x493e336563c4dfb7!8m2!3d31.4268367!4d73.149734!16s%2Fg%2F11tdcn5cfq!19sChIJLV42ftFpIjkRt9_EY2UzPkk?authuser=0&hl=en&g_ep=EgoyMDI2MDkwMi4wIJJjKgBIAVAD&rclk=1
realestate in faislabad in D Ground Pakistan,"LOYAL GROUP) (REAL ESTATE, DEVELOPER'S, BUILDER'S, ARCHITECTS)",+92 300 7949119,"https://www.google.com/maps/place/LOYAL+GROUP%29+%28REAL+ESTATE,+DEVELOPER%27S,+BUILDER%27S,+ARCHITECTS%29/data=!4m7!3m6!1s0x392241e82af98711:0x396c496f35448462!8m2!3d31.5083203!4d73.0730036!16s%2Fg%2F11c12gxw_h!19sChIJEYf5KuhBIjkRYoRENW9JbDk?authuser=0&hl=en&g_ep=EgoyMDI2MDkwMi4wIJJjKgBIAVAD&rclk=1"
realestate in faislabad in D Ground Pakistan,Lyallpur Estate Advisor,+92 300 8651507,https://www.google.com/maps/place/Lyallpur+Estate+Advisor/data=!4m7!3m6!1s0x392269ddc594c0c1:0x3a7163da2a249ff5!8m2!3d31.4582569!4d73.1682685!16s%2Fg%2F11z130kzl0!19sChIJwcCUxd1pIjkR9Z8kKtpjcTo?authuser=0&hl=en&g_ep=EgoyMDI2MDkwMi4wIJJjKgBIAVAD&rclk=1
realestate in faislabad in D Ground Pakistan,Property Dealer Faisalabad,+92 301 2241616,https://www.google.com/maps/place/Property+Dealer+Faisalabad/data=!4m7!3m6!1s0x3922691f9b1cb62f:0xbec0701d1c47ca1f!8m2!3d31.4879559!4d73.1061883!16s%2Fg%2F11z7sphcq5!19sChIJL7Ycmx9pIjkRH8pHHB1wwL4?authuser=0&hl=en&g_ep=EgoyMDI2MDkwMi4wIJJjKgBIAVAD&rclk=1
realestate in faislabad in D Ground Pakistan,Top City Faisalabad - ZM Marketing,+92 306 7171531,https://www.google.com/maps/place/Top+City+Faisalabad+-+ZM+Marketing/data=!4m7!3m6!1s0x39225deb92648ee7:0x15f67f4f30703c86!8m2!3d31.3285396!4d73.1126858!16s%2Fg%2F11t_z1rfsp!19sChIJ545kkutdIjkRhjxwME9_9hU?authuser=0&hl=en&g_ep=EgoyMDI2MDkwMi4wIJJjKgBIAVAD&rclk=1
realestate in faislabad in D Ground Pakistan,Bin Idrees Realestate advisor(Top City Faisalabad),+92 329 0920001,https://www.google.com/maps/place/Bin+Idrees+Realestate+advisor%28Top+City+Faisalabad%29/data=!4m7!3m6!1s0x392267007268f41f:0x2de23554ca1f4d0c!8m2!3d31.3306793!4d73.1148596!16s%2Fg%2F11ypl50p74!19sChIJH_RocgBnIjkRDE0fylQ14i0?authuser=0&hl=en&g_ep=EgoyMDI2MDkwMi4wIJJjKgBIAVAD&rclk=1
realestate in faislabad in D Ground Pakistan,ArzaayPak.com: Your Real Estate Experts,Not Found,https://www.google.com/maps/place/ArzaayPak.com:+Your+Real+Estate+Experts/data=!4m7!3m6!1s0x392269e9b5d5bc29:0x47e7bc23ed23e89!8m2!3d31.4555814!4d73.1600294!16s%2Fg%2F11sdykhz6b!19sChIJKbzVtelpIjkRiT7SPsJ7fgQ?authuser=0&hl=en&g_ep=EgoyMDI2MDkwMi4wIJJjKgBIAVAD&rclk=1
realestate in faislabad in D Ground Pakistan,Zain Real Estate,+92 304 5782903,https://www.google.com/maps/place/Zain+Real+Estate/data=!4m7!3m6!1s0x39226929ea7e960f:0xf34f8a3256cafca1!8m2!3d31.4389501!4d73.1376672!16s%2Fg%2F11zd6_861h!19sChIJD5Z-6ilpIjkRofzKVjKKT_M?authuser=0&hl=en&g_ep=EgoyMDI2MDkwMi4wIJJjKgBIAVAD&rclk=1
realestate in faislabad in D Ground Pakistan,Randhawa Real estate Faisalabad,+92 302 1612626,https://www.google.com/maps/place/Randhawa+Real+estate+Faisalabad/data=!4m7!3m6!1s0x392245b2b90392b1:0xff162730d45d2d0c!8m2!3d31.4571925!4d72.9716764!16s%2Fg%2F11pd0brsgs!19sChIJsZIDubJFIjkRDC1d1DAnFv8?authuser=0&hl=en&g_ep=EgoyMDI2MDkwMi4wIJJjKgBIAVAD&rclk=1
realestate in faislabad in D Ground Pakistan,Modern Homes Real Estate and Builders,+92 324 4925766,https://www.google.com/maps/place/Modern+Homes+Real+Estate+and+Builders/data=!4m7!3m6!1s0x39226f90d5e9cb6f:0x36cd44c216290b80!8m2!3d31.5030441!4d73.214821!16s%2Fg%2F11rd3w2jg0!19sChIJb8vp1ZBvIjkRgAspFsJEzTY?authuser=0&hl=en&g_ep=EgoyMDI2MDkwMi4wIJJjKgBIAVAD&rclk=1
realestate in faislabad in D Ground Pakistan,Taqwa Real Estate🏦 (Muzamil Azeem),+92 300 4666970,https://www.google.com/maps/place/Taqwa+Real+Estate%F0%9F%8F%A6+%28Muzamil+Azeem%29/data=!4m7!3m6!1s0x392268ec1f8a531b:0xa4a427018e3a79f1!8m2!3d31.4274757!4d73.1522103!16s%2Fg%2F11h9z7d83f!19sChIJG1OKH-xoIjkR8Xk6jgEnpKQ?authuser=0&hl=en&g_ep=EgoyMDI2MDkwMi4wIJJjKgBIAVAD&rclk=1
realestate in faislabad in D Ground Pakistan,Mehar Estate Developers,+92 321 8657240,https://www.google.com/maps/place/Mehar+Estate+Developers/data=!4m7!3m6!1s0x3922432b309abfa1:0xcdc7ee1ff9381b53!8m2!3d31.4924175!4d73.0582942!16s%2Fg%2F11jsr8vwlb!19sChIJob-aMCtDIjkRUxs4-R_ux80?authuser=0&hl=en&g_ep=EgoyMDI2MDkwMi4wIJJjKgBIAVAD&rclk=1
realestate in faislabad in D Ground Pakistan,Akhtar Property Dealers,+92 321 9655504,https://www.google.com/maps/place/Akhtar+Property+Dealers/data=!4m7!3m6!1s0x3922680b797d70f3:0xc639a2a25f965c66!8m2!3d31.4076705!4d73.1087516!16s%2Fg%2F1tfkjkkk!19sChIJ83B9eQtoIjkRZlyWX6KiOcY?authuser=0&hl=en&g_ep=EgoyMDI2MDkwMi4wIJJjKgBIAVAD&rclk=1
realestate in faislabad in D Ground Pakistan,Friends Estate Agency,+92 300 6675771,https://www.google.com/maps/place/Friends+Estate+Agency/data=!4m7!3m6!1s0x392269007f63ca39:0xa8371b5aadee1f84!8m2!3d31.4121077!4d73.1250033!16s%2Fg%2F11z49xy4x5!19sChIJOcpjfwBpIjkRhB_urVobN6g?authuser=0&hl=en&g_ep=EgoyMDI2MDkwMi4wIJJjKgBIAVAD&rclk=1
realestate in faislabad in D Ground Pakistan,Lyallpur Avenue,Not Found,https://www.google.com/maps/place/Lyallpur+Avenue/data=!4m7!3m6!1s0x39226750fe2a4e01:0x63478709d965c1da!8m2!3d31.3922253!4d73.1659355!16s%2Fg%2F11qql77hgl!19sChIJAU4q_lBnIjkR2sFl2QmHR2M?authuser=0&hl=en&g_ep=EgoyMDI2MDkwMi4wIJJjKgBIAVAD&rclk=1
realestate in faislabad in D Ground Pakistan,Real Estate or Builders in Faisalabad,+92 301 1738423,https://www.google.com/maps/place/Real+Estate+or+Builders+in+Faisalabad/data=!4m7!3m6!1s0x3922679066dc4eb9:0x79c8af0fe9528981!8m2!3d31.3945857!4d73.1191704!16s%2Fg%2F11fstmkcn6!19sChIJuU7cZpBnIjkRgYlS6Q-vyHk?authuser=0&hl=en&g_ep=EgoyMDI2MDkwMi4wIJJjKgBIAVAD&rclk=1
realestate in faislabad in D Ground Pakistan,Faisalabad Real Estate,+92 322 6020921,https://www.google.com/maps/place/Faisalabad+Real+Estate/data=!4m7!3m6!1s0x3922695e459190c3:0x16991862a6e43d76!8m2!3d31.4267036!4d73.1534704!16s%2Fg%2F11yv61671q!19sChIJw5CRRV5pIjkRdj3kpmIYmRY?authuser=0&hl=en&g_ep=EgoyMDI2MDkwMi4wIJJjKgBIAVAD&rclk=1
realestate in faislabad in D Ground Pakistan,Moon Real Estate,+92 313 2024948,https://www.google.com/maps/place/Moon+Real+Estate/data=!4m7!3m6!1s0x392268926ddd456b:0x757a19b96ac5376!8m2!3d31.4260493!4d73.1475649!16s%2Fg%2F11csq7f5d6!19sChIJa0XdbZJoIjkRdlOslpuhVwc?authuser=0&hl=en&g_ep=EgoyMDI2MDkwMi4wIJJjKgBIAVAD&rclk=1
realestate in faislabad in D Ground Pakistan,Baiga Real Estate & Developers,+92 321 7652020,https://www.google.com/maps/place/Baiga+Real+Estate+%26+Developers/data=!4m7!3m6!1s0x39226f0030c4bb17:0xa7a77349a68a152e!8m2!3d31.4750466!4d73.2280824!16s%2Fg%2F11z67vr9bl!19sChIJF7vEMABvIjkRLhWKpklzp6c?authuser=0&hl=en&g_ep=EgoyMDI2MDkwMi4wIJJjKgBIAVAD&rclk=1
realestate in faislabad in D Ground Pakistan,Madni Real Estate,+92 300 7686093,https://www.google.com/maps/place/Madni+Real+Estate/data=!4m7!3m6!1s0x39225d5ebc9f2977:0x23e699ecbdf380d3!8m2!3d31.3503716!4d73.0681811!16s%2Fg%2F11z5wlx3xw!19sChIJdymfvF5dIjkR04DzveyZ5iM?authuser=0&hl=en&g_ep=EgoyMDI2MDkwMi4wIJJjKgBIAVAD&rclk=1
realestate in faislabad in D Ground Pakistan,Faisalabad property dealers,Not Found,https://www.google.com/maps/place/Faisalabad+property+dealers/data=!4m7!3m6!1s0x39226999b41efe0f:0x4feb13d581da5aaa!8m2!3d31.4083408!4d73.1525326!16s%2Fg%2F11zb58zlm1!19sChIJD_4etJlpIjkRqlragdUT608?authuser=0&hl=en&g_ep=EgoyMDI2MDkwMi4wIJJjKgBIAVAD&rclk=1
realestate in faislabad in D Ground Pakistan,Dream properties,Not Found,https://www.google.com/maps/place/Dream+properties/data=!4m7!3m6!1s0x39224166a855aafb:0xcf19dfaee5f73366!8m2!3d31.5298557!4d73.0647492!16s%2Fg%2F11tf987vhg!19sChIJ-6pVqGZBIjkRZjP35a7fGc8?authuser=0&hl=en&g_ep=EgoyMDI2MDkwMi4wIJJjKgBIAVAD&rclk=1
realestate in faislabad in D Ground Pakistan,Sitara Enclave Faisalabad and The Edge walk,Not Found,https://www.google.com/maps/place/Sitara+Enclave+Faisalabad+and+The+Edge+walk/data=!4m7!3m6!1s0x39224300015dd523:0xa9419a605b11de22!8m2!3d31.477761!4d73.0771534!16s%2Fg%2F11xtr36vp0!19sChIJI9VdAQBDIjkRIt4RW2CaQak?authuser=0&hl=en&g_ep=EgoyMDI2MDkwMi4wIJJjKgBIAVAD&rclk=1
realestate in faislabad in D Ground Pakistan,MADINA ESTSTE AGENCY,Not Found,https://www.google.com/maps/place/MADINA+ESTSTE+AGENCY/data=!4m7!3m6!1s0x392269a33e33ddeb:0x95a02db052f59222!8m2!3d31.4201878!4d73.117001!16s%2Fg%2F11htyt_12k!19sChIJ690zPqNpIjkRIpL1UrAtoJU?authuser=0&hl=en&g_ep=EgoyMDI2MDkwMi4wIJJjKgBIAVAD&rclk=1
realestate in faislabad in D Ground Pakistan,Attari Estate,+92 300 6384666,https://www.google.com/maps/place/Attari+Estate/data=!4m7!3m6!1s0x3922692d763e0793:0x2ea375290caccfe8!8m2!3d31.4208515!4d73.178557!16s%2Fg%2F11r_gjr32d!19sChIJkwc-di1pIjkR6M-sDCl1oy4?authuser=0&hl=en&g_ep=EgoyMDI2MDkwMi4wIJJjKgBIAVAD&rclk=1
realestate in faislabad in D Ground Pakistan,Al-Kousar Real Estate Agency Faisalabad,Not Found,https://www.google.com/maps/place/Al-Kousar+Real+Estate+Agency+Faisalabad/data=!4m7!3m6!1s0x392243358ef30cfb:0x7fc0939caa13e404!8m2!3d31.4104773!4d73.0336455!16s%2Fg%2F11rkp0j07m!19sChIJ-wzzjjVDIjkRBOQTqpyTwH8?authuser=0&hl=en&g_ep=EgoyMDI2MDkwMi4wIJJjKgBIAVAD&rclk=1
realestate in faislabad in D Ground Pakistan,Saad Javed - Akhtar Properties 1974,Not Found,https://www.google.com/maps/place/Saad+Javed+-+Akhtar+Properties+1974/data=!4m7!3m6!1s0x39226900037af933:0xaa2a07c837e39c6d!8m2!3d31.4074188!4d73.1087971!16s%2Fg%2F11nvlx4xcr!19sChIJM_l6AwBpIjkRbZzjN8gHKqo?authuser=0&hl=en&g_ep=EgoyMDI2MDkwMi4wIJJjKgBIAVAD&rclk=1
realestate in faislabad in D Ground Pakistan,AL Meezan Real Estate,Not Found,https://www.google.com/maps/place/AL+Meezan+Real+Estate/data=!4m7!3m6!1s0x39226922b55c142f:0x5ac087523e850eef!8m2!3d31.427562!4d73.1527107!16s%2Fg%2F11s17q8zbf!19sChIJLxRctSJpIjkR7w6FPlKHwFo?authuser=0&hl=en&g_ep=EgoyMDI2MDkwMi4wIJJjKgBIAVAD&rclk=1
realestate in faislabad in D Ground Pakistan,Mian Brothers Estate Agency,Not Found,https://www.google.com/maps/place/Mian+Brothers+Estate+Agency/data=!4m7!3m6!1s0x392242a505bff8c1:0xdacb8a32f9bdd9d!8m2!3d31.4115728!4d73.0784479!16s%2Fg%2F11bbvpn74p!19sChIJwfi_BaVCIjkRnd2bL6O4rA0?authuser=0&hl=en&g_ep=EgoyMDI2MDkwMi4wIJJjKgBIAVAD&rclk=1
realestate in faislabad in D Ground Pakistan,Realtors2 Faisalabad,Not Found,https://www.google.com/maps/place/Realtors2+Faisalabad/data=!4m7!3m6!1s0x392269670d09dfc7:0xa1275d9abcbcb334!8m2!3d31.412973!4d73.1138071!16s%2Fg%2F11p03nshf7!19sChIJx98JDWdpIjkRNLO8vJpdJ6E?authuser=0&hl=en&g_ep=EgoyMDI2MDkwMi4wIJJjKgBIAVAD&rclk=1
realestate in faislabad in D Ground Pakistan,Wirsa Estate Marketing,Not Found,https://www.google.com/maps/place/Wirsa+Estate+Marketing/data=!4m7!3m6!1s0x392269924d0219b3:0x5d7b70218036d48f!8m2!3d31.4600385!4d73.178621!16s%2Fg%2F11shj0t4sj!19sChIJsxkCTZJpIjkRj9Q2gCFwe10?authuser=0&hl=en&g_ep=EgoyMDI2MDkwMi4wIJJjKgBIAVAD&rclk=1
realestate in faislabad in D Ground Pakistan,PAK Real Estates,+92 321 8888539,https://www.google.com/maps/place/PAK+Real+Estates/data=!4m7!3m6!1s0x3922431e3ba26377:0x881b716a18e63fb5!8m2!3d31.5298661!4d73.0651015!16s%2Fg%2F11m_ym6jk_!19sChIJd2OiOx5DIjkRtT_mGGpxG4g?authuser=0&hl=en&g_ep=EgoyMDI2MDkwMi4wIJJjKgBIAVAD&rclk=1
realestate in faislabad in D Ground Pakistan,Green Land Estate shaikhpura Road Faisalabad,+92 321 8524183,https://www.google.com/maps/place/Green+Land+Estate+shaikhpura+Road+Faisalabad/data=!4m7!3m6!1s0x39226e93979c5d99:0x62fa92f0fd7c7345!8m2!3d31.4657177!4d73.1831504!16s%2Fg%2F11ggsh4jgz!19sChIJmV2cl5NuIjkRRXN8_fCS-mI?authuser=0&hl=en&g_ep=EgoyMDI2MDkwMi4wIJJjKgBIAVAD&rclk=1
realestate in faislabad in D Ground Pakistan,Mohsin Ahsan Estate Developers,+92 300 7602215,https://www.google.com/maps/place/Mohsin+Ahsan+Estate+Developers/data=!4m7!3m6!1s0x392269ba7ad55d95:0xb1e3b9a3b43fdda1!8m2!3d31.4098621!4d73.1602158!16s%2Fg%2F11tt12ptw4!19sChIJlV3VerppIjkRod0_tKO547E?authuser=0&hl=en&g_ep=EgoyMDI2MDkwMi4wIJJjKgBIAVAD&rclk=1
realestate in faislabad in D Ground Pakistan,Pakistan Estate,+92 321 6650917,https://www.google.com/maps/place/Pakistan+Estate/data=!4m7!3m6!1s0x39226f1093ca2b2b:0x7dc2c744b262eb25!8m2!3d31.4024909!4d73.1419576!16s%2Fg%2F11n106cs33!19sChIJKyvKkxBvIjkRJetiskTHwn0?authuser=0&hl=en&g_ep=EgoyMDI2MDkwMi4wIJJjKgBIAVAD&rclk=1
realestate in faislabad in D Ground Pakistan,Pakistan,+92 321 6641476,https://www.google.com/maps/place/Pakistan/data=!4m7!3m6!1s0x39226994c721b91f:0xe9580b1c5a3a8956!8m2!3d31.4204215!4d73.1783721!16s%2Fg%2F11rs06582c!19sChIJH7khx5RpIjkRVok6WhwLWOk?authuser=0&hl=en&g_ep=EgoyMDI2MDkwMi4wIJJjKgBIAVAD&rclk=1
realestate in faislabad in D Ground Pakistan,Real Estate,+92 314 3051272,https://www.google.com/maps/place/Real+Estate/data=!4m7!3m6!1s0x392243002c679e05:0x342e45aa6c4d1932!8m2!3d31.4432106!4d73.0451103!16s%2Fg%2F11zk79msrl!19sChIJBZ5nLABDIjkRMhlNbKpFLjQ?authuser=0&hl=en&g_ep=EgoyMDI2MDkwMi4wIJJjKgBIAVAD&rclk=1
realestate in faislabad in D Ground Pakistan,ABU DAWOOD ESTATE LINKERS,+92 304 1997215,https://www.google.com/maps/place/ABU+DAWOOD+ESTATE+LINKERS/data=!4m7!3m6!1s0x392267c161ecf649:0x332a0d6720cd0f16!8m2!3d31.4020219!4d73.120483!16s%2Fg%2F11ny05qjvk!19sChIJSfbsYcFnIjkRFg_NIGcNKjM?authuser=0&hl=en&g_ep=EgoyMDI2MDkwMi4wIJJjKgBIAVAD&rclk=1
realestate in faislabad in D Ground Pakistan,Paradise Point,+92 41 111 666 322,https://www.google.com/maps/place/Paradise+Point/data=!4m7!3m6!1s0x3922680b1684d011:0x10df2c2bd6141dfd!8m2!3d31.4063542!4d73.1096527!16s%2Fg%2F11c71lhl0p!19sChIJEdCEFgtoIjkR_R0U1iss3xA?authuser=0&hl=en&g_ep=EgoyMDI2MDkwMi4wIJJjKgBIAVAD&rclk=1
realestate in faislabad in D Ground Pakistan,Ch M Tariq Property Dealer,+92 321 3312605,https://www.google.com/maps/place/Ch+M+Tariq+Property+Dealer/data=!4m7!3m6!1s0x39224330ad61b777:0x937261456bf29664!8m2!3d31.4194443!4d73.0673165!16s%2Fg%2F11fqbgww6x!19sChIJd7dhrTBDIjkRZJbya0VhcpM?authuser=0&hl=en&g_ep=EgoyMDI2MDkwMi4wIJJjKgBIAVAD&rclk=1
realestate in faislabad in D Ground Pakistan,360 Estates PK,+92 329 1360360,https://www.google.com/maps/place/360+Estates+PK/data=!4m7!3m6!1s0x3922699b4f4634a1:0xea53bc344d069573!8m2!3d31.4286364!4d73.1466872!16s%2Fg%2F11sj560pwf!19sChIJoTRGT5tpIjkRc5UGTTS8U-o?authuser=0&hl=en&g_ep=EgoyMDI2MDkwMi4wIJJjKgBIAVAD&rclk=1
realestate in faislabad in D Ground Pakistan,Urban Real Estate,+92 312 9666551,https://www.google.com/maps/place/Urban+Real+Estate/data=!4m7!3m6!1s0x392269aee07f7963:0x8d469ea445782a0d!8m2!3d31.4131633!4d73.1135808!16s%2Fg%2F11ft70lflm!19sChIJY3l_4K5pIjkRDSp4RaSeRo0?authuser=0&hl=en&g_ep=EgoyMDI2MDkwMi4wIJJjKgBIAVAD&rclk=1
realestate in faislabad in D Ground Pakistan,JK Real Estate & Builders,+92 313 7627891,https://www.google.com/maps/place/JK+Real+Estate+%26+Builders/data=!4m7!3m6!1s0x392267a843101b1b:0xfb00316e265acf72!8m2!3d31.3897406!4d73.1353878!16s%2Fg%2F11pz7btrg6!19sChIJGxsQQ6hnIjkRcs9aJm4xAPs?authuser=0&hl=en&g_ep=EgoyMDI2MDkwMi4wIJJjKgBIAVAD&rclk=1
realestate in faislabad in D Ground Pakistan,Dynamic Real Estate,+92 347 1853874,https://www.google.com/maps/place/Dynamic+Real+Estate/data=!4m7!3m6!1s0x392241ae13129bd1:0x571f3b7a12b92bb6!8m2!3d31.4882334!4d73.0738073!16s%2Fg%2F11z0wvsv1w!19sChIJ0ZsSE65BIjkRtiu5Eno7H1c?authuser=0&hl=en&g_ep=EgoyMDI2MDkwMi4wIJJjKgBIAVAD&rclk=1
realestate in faislabad in D Ground Pakistan,Madina Estate Agency,+92 41 8540117,https://www.google.com/maps/place/Madina+Estate+Agency/data=!4m7!3m6!1s0x3922680c926f2f51:0x3a9fef814e9aaa01!8m2!3d31.40917!4d73.1092036!16s%2Fg%2F12mkwb4yv!19sChIJUS9vkgxoIjkRAaqaToHvnzo?authuser=0&hl=en&g_ep=EgoyMDI2MDkwMi4wIJJjKgBIAVAD&rclk=1
realestate in faislabad in D Ground Pakistan,Hanzala Real Estate,+92 300 7273078,https://www.google.com/maps/place/Hanzala+Real+Estate/data=!4m7!3m6!1s0x3922690a50abf7d3:0xdf9504dc756ca2e8!8m2!3d31.4293028!4d73.1523817!16s%2Fg%2F11trlqb6k5!19sChIJ0_erUAppIjkR6KJsddwEld8?authuser=0&hl=en&g_ep=EgoyMDI2MDkwMi4wIJJjKgBIAVAD&rclk=1
realestate in faislabad in D Ground Pakistan,Badar Estate Agency,+92 306 7270570,https://www.google.com/maps/place/Badar+Estate+Agency/data=!4m7!3m6!1s0x39226956e43152dd:0x9d8c11a6993d0214!8m2!3d31.4561054!4d73.0896859!16s%2Fg%2F11qmcd39bc!19sChIJ3VIx5FZpIjkRFAI9maYRjJ0?authuser=0&hl=en&g_ep=EgoyMDI2MDkwMi4wIJJjKgBIAVAD&rclk=1
realestate in faislabad in D Ground Pakistan,Angel Real Estate & Builders,+92 322 6396199,https://www.google.com/maps/place/Angel+Real+Estate+%26+Builders/data=!4m7!3m6!1s0x39225dd00bbe9dfb:0x3bf5f8cc2cfbebf4!8m2!3d31.4294025!4d73.1211221!16s%2Fg%2F11nms39bm1!19sChIJ-52-C9BdIjkR9Ov7LMz49Ts?authuser=0&hl=en&g_ep=EgoyMDI2MDkwMi4wIJJjKgBIAVAD&rclk=1
realestate in faislabad in D Ground Pakistan,Adnan Shah Real Estate,Not Found,https://www.google.com/maps/place/Adnan+Shah+Real+Estate/data=!4m7!3m6!1s0x392267007f7ad2a9:0x6dc5300f4b8d261c!8m2!3d31.3645389!4d73.0893939!16s%2Fg%2F11nbtp7n_y!19sChIJqdJ6fwBnIjkRHCaNSw8wxW0?authuser=0&hl=en&g_ep=EgoyMDI2MDkwMi4wIJJjKgBIAVAD&rclk=1
realestate in faislabad in D Ground Pakistan,ABDULLAH REAL ESTATE,+92 300 6640043,https://www.google.com/maps/place/ABDULLAH+REAL+ESTATE/data=!4m7!3m6!1s0x39225d0007bb26df:0xef3a163a642bfa26!8m2!3d31.3446072!4d73.065422!16s%2Fg%2F11z6bkwrg8!19sChIJ3ya7BwBdIjkRJvorZDoWOu8?authuser=0&hl=en&g_ep=EgoyMDI2MDkwMi4wIJJjKgBIAVAD&rclk=1
realestate in faislabad in D Ground Pakistan,MEEZAN REAL ESTATE,+92 300 7785625,https://www.google.com/maps/place/MEEZAN+REAL+ESTATE/data=!4m7!3m6!1s0x3922698a3d7fbb83:0x9e404423d18f3477!8m2!3d31.489188!4d73.1036023!16s%2Fg%2F11fqcbb6fl!19sChIJg7t_PYppIjkRdzSP0SNEQJ4?authuser=0&hl=en&g_ep=EgoyMDI2MDkwMi4wIJJjKgBIAVAD&rclk=1
realestate in faislabad in Samundri Road Pakistan,Talha Real Estate - Citi Housing Faisalabad,+92 328 3300111,https://www.google.com/maps/place/Talha+Real+Estate+-+Citi+Housing+Faisalabad/data=!4m7!3m6!1s0x39225d17424ad4ef:0xd71a21862797818e!8m2!3d31.3272472!4d73.0855682!16s%2Fg%2F11ynv5r8pd!19sChIJ79RKQhddIjkRjoGXJ4YhGtc?authuser=0&hl=en&g_ep=EgoyMDI2MDkwMi4wIJJjKgBIAVAD&rclk=1
realestate in faislabad in Samundri Road Pakistan,Madni Real Estate,+92 300 7686093,https://www.google.com/maps/place/Madni+Real+Estate/data=!4m7!3m6!1s0x39225d5ebc9f2977:0x23e699ecbdf380d3!8m2!3d31.3503716!4d73.0681811!16s%2Fg%2F11z5wlx3xw!19sChIJdymfvF5dIjkR04DzveyZ5iM?authuser=0&hl=en&g_ep=EgoyMDI2MDkwMi4wIJJjKgBIAVAD&rclk=1
realestate in faislabad in Samundri Road Pakistan,Top City Faisalabad - ZM Marketing,+92 306 7171531,https://www.google.com/maps/place/Top+City+Faisalabad+-+ZM+Marketing/data=!4m7!3m6!1s0x39225deb92648ee7:0x15f67f4f30703c86!8m2!3d31.3285396!4d73.1126858!16s%2Fg%2F11t_z1rfsp!19sChIJ545kkutdIjkRhjxwME9_9hU?authuser=0&hl=en&g_ep=EgoyMDI2MDkwMi4wIJJjKgBIAVAD&rclk=1
realestate in faislabad in Samundri Road Pakistan,Madni Real Estate || Best Real Estate Agency In Faisalabad,+92 301 6044097,https://www.google.com/maps/place/Madni+Real+Estate+%7C%7C+Best+Real+Estate+Agency+In+Faisalabad/data=!4m7!3m6!1s0x39226941c3501b8f:0x6afa8d38c23d7366!8m2!3d31.4095935!4d73.0976212!16s%2Fg%2F11twq4dn12!19sChIJjxtQw0FpIjkRZnM9wjiN-mo?authuser=0&hl=en&g_ep=EgoyMDI2MDkwMi4wIJJjKgBIAVAD&rclk=1
realestate in faislabad in Samundri Road Pakistan,5B Real Estate & Builder’s,+92 300 0862555,https://www.google.com/maps/place/5B+Real+Estate+%26+Builder%E2%80%99s/data=!4m7!3m6!1s0x39225d0021878775:0xa78a1ad06d52d05f!8m2!3d31.3514381!4d73.0655737!16s%2Fg%2F11zkv0fxgw!19sChIJdYeHIQBdIjkRX9BSbdAaiqc?authuser=0&hl=en&g_ep=EgoyMDI2MDkwMi4wIJJjKgBIAVAD&rclk=1
realestate in faislabad in Samundri Road Pakistan,"BISMILLAH ESTATE & BUILDERS, CITI HOUSING",+92 300 7414567,"https://www.google.com/maps/place/BISMILLAH+ESTATE+%26+BUILDERS,+CITI+HOUSING/data=!4m7!3m6!1s0x39225d007d329093:0x1df30dda2c9c957e!8m2!3d31.3274155!4d73.085826!16s%2Fg%2F11x2srgkhr!19sChIJk5AyfQBdIjkRfpWcLNoN8x0?authuser=0&hl=en&g_ep=EgoyMDI2MDkwMi4wIJJjKgBIAVAD&rclk=1"
realestate in faislabad in Samundri Road Pakistan,Pasha Estate & Builders,+92 300 7912550,https://www.google.com/maps/place/Pasha+Estate+%26+Builders/data=!4m7!3m6!1s0x39225da0538c9e2b:0xf90e8ed9a80b41b3!8m2!3d31.3443605!4d73.0656483!16s%2Fg%2F11f54zp4b5!19sChIJK56MU6BdIjkRs0ELqNmODvk?authuser=0&hl=en&g_ep=EgoyMDI2MDkwMi4wIJJjKgBIAVAD&rclk=1
realestate in faislabad in Samundri Road Pakistan,ABDULLAH REAL ESTATE,+92 300 6640043,https://www.google.com/maps/place/ABDULLAH+REAL+ESTATE/data=!4m7!3m6!1s0x39225d0007bb26df:0xef3a163a642bfa26!8m2!3d31.3446072!4d73.065422!16s%2Fg%2F11z6bkwrg8!19sChIJ3ya7BwBdIjkRJvorZDoWOu8?authuser=0&hl=en&g_ep=EgoyMDI2MDkwMi4wIJJjKgBIAVAD&rclk=1
realestate in faislabad in Samundri Road Pakistan,Naqvi estate agency faisalabad,+92 300 0787906,https://www.google.com/maps/place/Naqvi+estate+agency+faisalabad/data=!4m7!3m6!1s0x3922697e140701d5:0x8e2cc44de6df30a0!8m2!3d31.4112598!4d73.0955368!16s%2Fg%2F11fsnzdqr2!19sChIJ1QEHFH5pIjkRoDDf5k3ELI4?authuser=0&hl=en&g_ep=EgoyMDI2MDkwMi4wIJJjKgBIAVAD&rclk=1
realestate in faislabad in Samundri Road Pakistan,MK Real Estate,+92 323 2354752,https://www.google.com/maps/place/MK+Real+Estate/data=!4m7!3m6!1s0x39225d0e9582302b:0xcdcd646c13f8292c!8m2!3d31.3519987!4d73.0664347!16s%2Fg%2F11t9cd8ss3!19sChIJKzCClQ5dIjkRLCn4E2xkzc0?authuser=0&hl=en&g_ep=EgoyMDI2MDkwMi4wIJJjKgBIAVAD&rclk=1
realestate in faislabad in Samundri Road Pakistan,LandMark Real Estate & Developers Faisalabad | Property Dealers,+92 301 7078008,https://www.google.com/maps/place/LandMark+Real+Estate+%26+Developers+Faisalabad+%7C+Property+Dealers/data=!4m7!3m6!1s0x392269b74827fe23:0x264ce9001ce5291c!8m2!3d31.4337523!4d73.1430955!16s%2Fg%2F11q7f1_274!19sChIJI_4nSLdpIjkRHCnlHADpTCY?authuser=0&hl=en&g_ep=EgoyMDI2MDkwMi4wIJJjKgBIAVAD&rclk=1
realestate in faislabad in Samundri Road Pakistan,Abu Turab Estate & Developers,+92 323 6030550,https://www.google.com/maps/place/Abu+Turab+Estate+%26+Developers/data=!4m7!3m6!1s0x39224105bdfa3d15:0xefc4eb0c34d58b0a!8m2!3d31.3286905!4d73.1130586!16s%2Fg%2F11pwwv0zf6!19sChIJFT36vQVBIjkRCovVNAzrxO8?authuser=0&hl=en&g_ep=EgoyMDI2MDkwMi4wIJJjKgBIAVAD&rclk=1
realestate in faislabad in Samundri Road Pakistan,"Makkah Real Estate, Citi Housing",+92 300 8133047,"https://www.google.com/maps/place/Makkah+Real+Estate,+Citi+Housing/data=!4m7!3m6!1s0x39225d7ef51d80d3:0xfb816d5d9db19d84!8m2!3d31.3272722!4d73.0866343!16s%2Fg%2F11rwln0ld0!19sChIJ04Ad9X5dIjkRhJ2xnV1tgfs?authuser=0&hl=en&g_ep=EgoyMDI2MDkwMi4wIJJjKgBIAVAD&rclk=1"
realestate in faislabad in Samundri Road Pakistan,Faisalabad Realtors,+92 300 8261111,https://www.google.com/maps/place/Faisalabad+Realtors/data=!4m7!3m6!1s0x39226925d3b65a37:0xe0babd5089e745b6!8m2!3d31.4124872!4d73.1150798!16s%2Fg%2F11h5pnt29v!19sChIJN1q20yVpIjkRtkXniVC9uuA?authuser=0&hl=en&g_ep=EgoyMDI2MDkwMi4wIJJjKgBIAVAD&rclk=1
realestate in faislabad in Samundri Road Pakistan,Real State Agency,Not Found,https://www.google.com/maps/place/Real+State+Agency/data=!4m7!3m6!1s0x39225db838ddc335:0x6192dea9fc3850a!8m2!3d31.3684675!4d73.0704915!16s%2Fg%2F11j3848p03!19sChIJNcPdOLhdIjkRCoXDn-otGQY?authuser=0&hl=en&g_ep=EgoyMDI2MDkwMi4wIJJjKgBIAVAD&rclk=1
realestate in faislabad in Samundri Road Pakistan,Sial Enterprises,+92 300 7832648,https://www.google.com/maps/place/Sial+Enterprises/data=!4m7!3m6!1s0x88eb3e706ac18a57:0xeb026c747873112a!8m2!3d31.3515561!4d73.0658715!16s%2Fg%2F11ypcdy5vw!19sChIJV4rBanA-64gRKhFzeHRsAus?authuser=0&hl=en&g_ep=EgoyMDI2MDkwMi4wIJJjKgBIAVAD&rclk=1
realestate in faislabad in Samundri Road Pakistan,Rajpoot Real Estate,+92 306 6120708,https://www.google.com/maps/place/Rajpoot+Real+Estate/data=!4m7!3m6!1s0x39225d00555cb0f5:0xd8de6b0635522eb3!8m2!3d31.348823!4d73.0697666!16s%2Fg%2F11ldgvd4xg!19sChIJ9bBcVQBdIjkRsy5SNQZr3tg?authuser=0&hl=en&g_ep=EgoyMDI2MDkwMi4wIJJjKgBIAVAD&rclk=1
realestate in faislabad in Samundri Road Pakistan,Faisalabad Property Network,+92 300 2631263,https://www.google.com/maps/place/Faisalabad+Property+Network/data=!4m7!3m6!1s0x39225dd5b00073cd:0x468dc34b59f1ac13!8m2!3d31.3505885!4d73.0676831!16s%2Fg%2F11zd7wrgb8!19sChIJzXMAsNVdIjkRE6zxWUvDjUY?authuser=0&hl=en&g_ep=EgoyMDI2MDkwMi4wIJJjKgBIAVAD&rclk=1
realestate in faislabad in Samundri Road Pakistan,Rajpoot Real Estate Madina Block Sehgal City Samundari Rd,Not Found,https://www.google.com/maps/place/Rajpoot+Real+Estate+Madina+Block+Sehgal+City+Samundari+Rd/data=!4m7!3m6!1s0x39225d01b5bd7add:0x2d232cf4a0e50fe0!8m2!3d31.3466405!4d73.0723089!16s%2Fg%2F11fp93m7t9!19sChIJ3Xq9tQFdIjkR4A_loPQsIy0?authuser=0&hl=en&g_ep=EgoyMDI2MDkwMi4wIJJjKgBIAVAD&rclk=1
realestate in faislabad in Samundri Road Pakistan,Madni real estate,+92 303 7938585,https://www.google.com/maps/place/Madni+real+estate/data=!4m7!3m6!1s0x39225d1bc019ad3d:0xc92b0a2d882918ba!8m2!3d31.3476799!4d73.0580306!16s%2Fg%2F11h24dtjf8!19sChIJPa0ZwBtdIjkRuhgpiC0KK8k?authuser=0&hl=en&g_ep=EgoyMDI2MDkwMi4wIJJjKgBIAVAD&rclk=1
realestate in faislabad in Samundri Road Pakistan,Naqvi estate agency faisalabad,+92 300 0787906,https://www.google.com/maps/place/Naqvi+estate+agency+faisalabad/data=!4m7!3m6!1s0x3922697e140701d5:0x8e2cc44de6df30a0!8m2!3d31.4112598!4d73.0955368!16s%2Fg%2F11fsnzdqr2!19sChIJ1QEHFH5pIjkRoDDf5k3ELI4?authuser=0&hl=en&g_ep=EgoyMDI2MDkwMi4wIJJjKgBIAVAD&rclk=1
realestate in faislabad in Samundri Road Pakistan,Allied Housing,+92 321 2220242,https://www.google.com/maps/place/Allied+Housing/data=!4m7!3m6!1s0x39225dcb960dc0b9:0x648b291e95caf80b!8m2!3d31.3255351!4d73.0408169!16s%2Fg%2F1yfdpfjpf!19sChIJucANlstdIjkRC_jKlR4pi2Q?authuser=0&hl=en&g_ep=EgoyMDI2MDkwMi4wIJJjKgBIAVAD&rclk=1
realestate in faislabad in Samundri Road Pakistan,Gulshan Estate,+92 309 4399577,https://www.google.com/maps/place/Gulshan+Estate/data=!4m7!3m6!1s0x39226744f730095d:0x6593fb26162c09b0!8m2!3d31.328724!4d73.1128107!16s%2Fg%2F11krclp9_b!19sChIJXQkw90RnIjkRsAksFib7k2U?authuser=0&hl=en&g_ep=EgoyMDI2MDkwMi4wIJJjKgBIAVAD&rclk=1
realestate in faislabad in Samundri Road Pakistan,Madni real estate,+92 303 7938585,https://www.google.com/maps/place/Madni+real+estate/data=!4m7!3m6!1s0x39225d1bc019ad3d:0xc92b0a2d882918ba!8m2!3d31.3476799!4d73.0580306!16s%2Fg%2F11h24dtjf8!19sChIJPa0ZwBtdIjkRuhgpiC0KK8k?authuser=0&hl=en&g_ep=EgoyMDI2MDkwMi4wIJJjKgBIAVAD&rclk=1
realestate in faislabad in Samundri Road Pakistan,Al Hassan Real Estate,+92 320 3569191,https://www.google.com/maps/place/Al+Hassan+Real+Estate/data=!4m7!3m6!1s0x39225d0064769cc5:0xfaa341a7e1ac7fbf!8m2!3d31.3446333!4d73.0653739!16s%2Fg%2F11y8hq5gd6!19sChIJxZx2ZABdIjkRv3-s4adBo_o?authuser=0&hl=en&g_ep=EgoyMDI2MDkwMi4wIJJjKgBIAVAD&rclk=1
realestate in faislabad in Samundri Road Pakistan,Real State Agency,Not Found,https://www.google.com/maps/place/Real+State+Agency/data=!4m7!3m6!1s0x39225db838ddc335:0x6192dea9fc3850a!8m2!3d31.3684675!4d73.0704915!16s%2Fg%2F11j3848p03!19sChIJNcPdOLhdIjkRCoXDn-otGQY?authuser=0&hl=en&g_ep=EgoyMDI2MDkwMi4wIJJjKgBIAVAD&rclk=1
realestate in faislabad in Samundri Road Pakistan,Al-Kousar Real Estate Agency Faisalabad,+92 304 5500550,https://www.google.com/maps/place/Al-Kousar+Real+Estate+Agency+Faisalabad/data=!4m7!3m6!1s0x392243358ef30cfb:0x7fc0939caa13e404!8m2!3d31.4104773!4d73.0336455!16s%2Fg%2F11rkp0j07m!19sChIJ-wzzjjVDIjkRBOQTqpyTwH8?authuser=0&hl=en&g_ep=EgoyMDI2MDkwMi4wIJJjKgBIAVAD&rclk=1
realestate in faislabad in Samundri Road Pakistan,Faisalabad Realtors,+92 300 8261111,https://www.google.com/maps/place/Faisalabad+Realtors/data=!4m7!3m6!1s0x39226925d3b65a37:0xe0babd5089e745b6!8m2!3d31.4124872!4d73.1150798!16s%2Fg%2F11h5pnt29v!19sChIJN1q20yVpIjkRtkXniVC9uuA?authuser=0&hl=en&g_ep=EgoyMDI2MDkwMi4wIJJjKgBIAVAD&rclk=1
realestate in faislabad in Samundri Road Pakistan,Haider Valley Faisalabad,+92 300 4887322,https://www.google.com/maps/place/Haider+Valley+Faisalabad/data=!4m7!3m6!1s0x39225d4221b2f5e7:0xcaebc55b011324a7!8m2!3d31.3639709!4d73.0787134!16s%2Fg%2F11hfxt685f!19sChIJ5_WyIUJdIjkRpyQTAVvF68o?authuser=0&hl=en&g_ep=EgoyMDI2MDkwMi4wIJJjKgBIAVAD&rclk=1
realestate in faislabad in Samundri Road Pakistan,MADINA ESTSTE AGENCY,+92 321 6601702,https://www.google.com/maps/place/MADINA+ESTSTE+AGENCY/data=!4m7!3m6!1s0x392269a33e33ddeb:0x95a02db052f59222!8m2!3d31.4201878!4d73.117001!16s%2Fg%2F11htyt_12k!19sChIJ690zPqNpIjkRIpL1UrAtoJU?authuser=0&hl=en&g_ep=EgoyMDI2MDkwMi4wIJJjKgBIAVAD&rclk=1
realestate in faislabad in Samundri Road Pakistan,Site Selectors,+92 328 7222282,https://www.google.com/maps/place/Site+Selectors/data=!4m7!3m6!1s0x39225d0013cd611f:0xf55bae1d645973ba!8m2!3d31.329152!4d73.1133646!16s%2Fg%2F11x76pdl_w!19sChIJH2HNEwBdIjkRunNZZB2uW_U?authuser=0&hl=en&g_ep=EgoyMDI2MDkwMi4wIJJjKgBIAVAD&rclk=1
realestate in faislabad in Samundri Road Pakistan,Lyallpur Gold city Samundri road Bypass Fsd,+92 306 7993276,https://www.google.com/maps/place/Lyallpur+Gold+city+Samundri+road+Bypass+Fsd/data=!4m7!3m6!1s0x39225d1185cb5331:0xa2c4b08729adb8e5!8m2!3d31.3290526!4d73.1060033!16s%2Fg%2F11vz8dy88f!19sChIJMVPLhRFdIjkR5bitKYewxKI?authuser=0&hl=en&g_ep=EgoyMDI2MDkwMi4wIJJjKgBIAVAD&rclk=1
realestate in faislabad in Samundri Road Pakistan,Rajpoot Real Estate Madina Block Sehgal City Samundari Rd,Not Found,https://www.google.com/maps/place/Rajpoot+Real+Estate+Madina+Block+Sehgal+City+Samundari+Rd/data=!4m7!3m6!1s0x39225d01b5bd7add:0x2d232cf4a0e50fe0!8m2!3d31.3466405!4d73.0723089!16s%2Fg%2F11fp93m7t9!19sChIJ3Xq9tQFdIjkR4A_loPQsIy0?authuser=0&hl=en&g_ep=EgoyMDI2MDkwMi4wIJJjKgBIAVAD&rclk=1
realestate in faislabad in Samundri Road Pakistan,Gill Real Estate and Developers,+92 301 6010102,https://www.google.com/maps/place/Gill+Real+Estate+and+Developers/data=!4m7!3m6!1s0x39225de47d71a91d:0xdbbf13d5d32228d8!8m2!3d31.3400625!4d73.0778125!16s%2Fg%2F11vdg5vyhp!19sChIJHalxfeRdIjkR2Cgi09UTv9s?authuser=0&hl=en&g_ep=EgoyMDI2MDkwMi4wIJJjKgBIAVAD&rclk=1
realestate in faislabad in Samundri Road Pakistan,Canal View Housing Scheme,+92 333 6242663,https://www.google.com/maps/place/Canal+View+Housing+Scheme/data=!4m7!3m6!1s0x39225d87f38467af:0x1795e9adc2e6c79b!8m2!3d31.3302847!4d73.0490593!16s%2Fg%2F11g0swp11s!19sChIJr2eE84ddIjkRm8fmwq3plRc?authuser=0&hl=en&g_ep=EgoyMDI2MDkwMi4wIJJjKgBIAVAD&rclk=1
realestate in faislabad in Samundri Road Pakistan,PRIME GROUP ESTATE DEVELOPER,+92 41 5224536,https://www.google.com/maps/place/PRIME+GROUP+ESTATE+DEVELOPER/data=!4m7!3m6!1s0x39225d8e4a0e9c3f:0xce8645af6722d396!8m2!3d31.350868!4d73.0669264!16s%2Fg%2F11fmrpk3py!19sChIJP5wOSo5dIjkRltMiZ69Fhs4?authuser=0&hl=en&g_ep=EgoyMDI2MDkwMi4wIJJjKgBIAVAD&rclk=1
realestate in faislabad in Samundri Road Pakistan,MGG Real Estate & Developers,+92 307 2392732,https://www.google.com/maps/place/MGG+Real+Estate+%26+Developers/data=!4m7!3m6!1s0x392269d17e365e2d:0x493e336563c4dfb7!8m2!3d31.4268367!4d73.149734!16s%2Fg%2F11tdcn5cfq!19sChIJLV42ftFpIjkRt9_EY2UzPkk?authuser=0&hl=en&g_ep=EgoyMDI2MDkwMi4wIJJjKgBIAVAD&rclk=1
realestate in faislabad in Samundri Road Pakistan,90 Degree Builders and Realtors,+92 304 7176000,https://www.google.com/maps/place/90+Degree+Builders+and+Realtors/data=!4m7!3m6!1s0x39225d0079e4104f:0x1365207e66b6ea83!8m2!3d31.3465864!4d73.0599561!16s%2Fg%2F11zk839sjk!19sChIJTxDkeQBdIjkRg-q2Zn4gZRM?authuser=0&hl=en&g_ep=EgoyMDI2MDkwMi4wIJJjKgBIAVAD&rclk=1
realestate in faislabad in Samundri Road Pakistan,Swiss99,+92 324 1100000,https://www.google.com/maps/place/Swiss99/data=!4m7!3m6!1s0x39225d0061737eb1:0x1b016726464be320!8m2!3d31.3297153!4d73.0825205!16s%2Fg%2F11zd46c9fk!19sChIJsX5zYQBdIjkRIONLRiZnARs?authuser=0&hl=en&g_ep=EgoyMDI2MDkwMi4wIJJjKgBIAVAD&rclk=1
realestate in faislabad in Samundri Road Pakistan,Sufi Barkat Estate Linkers,+92 306 6063599,https://www.google.com/maps/place/Sufi+Barkat+Estate+Linkers/data=!4m7!3m6!1s0x39225d9655514f3d:0xaec5a0dc78ff04e7!8m2!3d31.3574815!4d73.0743272!16s%2Fg%2F11l5h35hn0!19sChIJPU9RVZZdIjkR5wT_eNygxa4?authuser=0&hl=en&g_ep=EgoyMDI2MDkwMi4wIJJjKgBIAVAD&rclk=1
realestate in faislabad in Samundri Road Pakistan,Citi Housing Faisalabad Samundri Road,+92 41 111 555 551,https://www.google.com/maps/place/Citi+Housing+Faisalabad+Samundri+Road/data=!4m7!3m6!1s0x39225d8ccc8b6895:0xc25ef0c2eb2d363!8m2!3d31.3232547!4d73.0783416!16s%2Fg%2F11gcq5_fkd!19sChIJlWiLzIxdIjkRY9OyLgzvJQw?authuser=0&hl=en&g_ep=EgoyMDI2MDkwMi4wIJJjKgBIAVAD&rclk=1
realestate in faislabad in Samundri Road Pakistan,Mian Brothers Estate Agency,Not Found,https://www.google.com/maps/place/Mian+Brothers+Estate+Agency/data=!4m7!3m6!1s0x392242a505bff8c1:0xdacb8a32f9bdd9d!8m2!3d31.4115728!4d73.0784479!16s%2Fg%2F11bbvpn74p!19sChIJwfi_BaVCIjkRnd2bL6O4rA0?authuser=0&hl=en&g_ep=EgoyMDI2MDkwMi4wIJJjKgBIAVAD&rclk=1
realestate in faislabad in Samundri Road Pakistan,Rawal Rajput Estate Advisor,+92 321 5116199,https://www.google.com/maps/place/Rawal+Rajput+Estate+Advisor/data=!4m7!3m6!1s0x39225de3641f4ebb:0x858d660950d89c7a!8m2!3d31.341197!4d73.0685665!16s%2Fg%2F11kqscsdwt!19sChIJu04fZONdIjkRepzYUAlmjYU?authuser=0&hl=en&g_ep=EgoyMDI2MDkwMi4wIJJjKgBIAVAD&rclk=1
realestate in faislabad in Samundri Road Pakistan,UMAR Garden Housing Society,+92 322 7766271,https://www.google.com/maps/place/UMAR+Garden+Housing+Society/data=!4m7!3m6!1s0x39225d8163d83971:0x5d1b113e23795faa!8m2!3d31.3276072!4d73.0479894!16s%2Fg%2F11kkvdh9_9!19sChIJcTnYY4FdIjkRql95Iz4RG10?authuser=0&hl=en&g_ep=EgoyMDI2MDkwMi4wIJJjKgBIAVAD&rclk=1
realestate in faislabad in Samundri Road Pakistan,Property Bank Real Estate,+92 302 8658450,https://www.google.com/maps/place/Property+Bank+Real+Estate/data=!4m7!3m6!1s0x39225d2575e1b017:0xbf4d2928348660e!8m2!3d31.3384061!4d73.0644122!16s%2Fg%2F11t_kngqsv!19sChIJF7DhdSVdIjkRDmZIg5LS9As?authuser=0&hl=en&g_ep=EgoyMDI2MDkwMi4wIJJjKgBIAVAD&rclk=1
realestate in faislabad in Samundri Road Pakistan,Atta Mustafa Real Estate Agents and Developer,+92 322 9938864,https://www.google.com/maps/place/Atta+Mustafa+Real+Estate+Agents+and+Developer/data=!4m7!3m6!1s0x39225d6afe99092d:0x39b9cc561b87c321!8m2!3d31.3753864!4d73.0721153!16s%2Fg%2F11sqg0z0ql!19sChIJLQmZ_mpdIjkRIcOHG1bMuTk?authuser=0&hl=en&g_ep=EgoyMDI2MDkwMi4wIJJjKgBIAVAD&rclk=1
realestate in faislabad in Samundri Road Pakistan,Rana Estate Agency,+92 301 7090607,https://www.google.com/maps/place/Rana+Estate+Agency/data=!4m7!3m6!1s0x39225de0a52adb09:0x61f8b37a504433df!8m2!3d31.3594171!4d73.0717596!16s%2Fg%2F11r8t38qqs!19sChIJCdsqpeBdIjkR3zNEUHqz-GE?authuser=0&hl=en&g_ep=EgoyMDI2MDkwMi4wIJJjKgBIAVAD&rclk=1
realestate in faislabad in Samundri Road Pakistan,G M Estate,+92 307 2233335,https://www.google.com/maps/place/G+M+Estate/data=!4m7!3m6!1s0x392267b05d022e41:0x355835543cc9136d!8m2!3d31.3735782!4d73.1238061!16s%2Fg%2F11df0507h3!19sChIJQS4CXbBnIjkRbRPJPFQ1WDU?authuser=0&hl=en&g_ep=EgoyMDI2MDkwMi4wIJJjKgBIAVAD&rclk=1
realestate in faislabad in Samundri Road Pakistan,Dream land villas,+92 309 1781240,https://www.google.com/maps/place/Dream+land+villas/data=!4m7!3m6!1s0x39225d41b9491137:0x3e56a0b41a65a342!8m2!3d31.3512734!4d73.0634935!16s%2Fg%2F11js2q_3lt!19sChIJNxFJuUFdIjkRQqNlGrSgVj4?authuser=0&hl=en&g_ep=EgoyMDI2MDkwMi4wIJJjKgBIAVAD&rclk=1
realestate in faislabad in Samundri Road Pakistan,KASHAN-ESTATE-ADVISOR,+92 300 0065148,https://www.google.com/maps/place/KASHAN-ESTATE-ADVISOR/data=!4m7!3m6!1s0x39225d00626a679f:0x9ac16be2c4a449a!8m2!3d31.3593909!4d73.0637571!16s%2Fg%2F11yyxk3zb2!19sChIJn2dqYgBdIjkRmkRKLL4WrAk?authuser=0&hl=en&g_ep=EgoyMDI2MDkwMi4wIJJjKgBIAVAD&rclk=1
realestate in faislabad in Samundri Road Pakistan,Almaida Marketing,+92 301 9669188,https://www.google.com/maps/place/Almaida+Marketing/data=!4m7!3m6!1s0x392267000083e5c3:0x10a025b5019d4093!8m2!3d31.328506!4d73.112638!16s%2Fg%2F11yzsdg7kr!19sChIJw-WDAABnIjkRk0CdAbUloBA?authuser=0&hl=en&g_ep=EgoyMDI2MDkwMi4wIJJjKgBIAVAD&rclk=1
realestate in faislabad in Samundri Road Pakistan,Allied City & Market,+92 301 0950000,https://www.google.com/maps/place/Allied+City+%26+Market/data=!4m7!3m6!1s0x39225db272919405:0x4ecb50539f06d56f!8m2!3d31.3582256!4d73.0656193!16s%2Fg%2F11j7c46w8z!19sChIJBZSRcrJdIjkRb9UGn1NQy04?authuser=0&hl=en&g_ep=EgoyMDI2MDkwMi4wIJJjKgBIAVAD&rclk=1
realestate in faislabad in Samundri Road Pakistan,Azeem Estate Agency,+92 321 8669086,https://www.google.com/maps/place/Azeem+Estate+Agency/data=!4m7!3m6!1s0x39226869748ce861:0x86e0dfb9e1f1c6da!8m2!3d31.422804!4d73.1184866!16s%2Fg%2F12mkz5_9k!19sChIJYeiMdGloIjkR2sbx4bnf4IY?authuser=0&hl=en&g_ep=EgoyMDI2MDkwMi4wIJJjKgBIAVAD&rclk=1
realestate in faislabad in Samundri Road Pakistan,Deen’s Paradise Phase 1,+92 300 7507995,https://www.google.com/maps/place/Deen%E2%80%99s+Paradise+Phase+1/data=!4m7!3m6!1s0x39225d5d939fd37b:0xe4ba4921225da0a8!8m2!3d31.3528776!4d73.0547747!16s%2Fg%2F11gtyqm27_!19sChIJe9Ofk11dIjkRqKBdIiFJuuQ?authuser=0&hl=en&g_ep=EgoyMDI2MDkwMi4wIJJjKgBIAVAD&rclk=1
realestate in faislabad in Samundri Road Pakistan,Chaudhry Estate Agency Ch. Alamgir Bajwa,+92 300 7936276,https://www.google.com/maps/place/Chaudhry+Estate+Agency+Ch.+Alamgir+Bajwa/data=!4m7!3m6!1s0x39224395a6f95425:0xb3682ed95baf523e!8m2!3d31.4355345!4d73.0492118!16s%2Fg%2F11h39986x1!19sChIJJVT5ppVDIjkRPlKvW9kuaLM?authuser=0&hl=en&g_ep=EgoyMDI2MDkwMi4wIJJjKgBIAVAD&rclk=1
realestate in faislabad in Samundri Road Pakistan,Al Barkat Real Estate,+92 319 0209697,https://www.google.com/maps/place/Al+Barkat+Real+Estate/data=!4m7!3m6!1s0x3922698d714b9283:0x113b98a586ce1c1!8m2!3d31.4096734!4d73.1551237!16s%2Fg%2F11s2yhhnhd!19sChIJg5JLcY1pIjkRweFsWIq5EwE?authuser=0&hl=en&g_ep=EgoyMDI2MDkwMi4wIJJjKgBIAVAD&rclk=1
realestate in faislabad in Samundri Road Pakistan,Awais Graphic Designer,+92 304 5144943,https://www.google.com/maps/place/Awais+Graphic+Designer/data=!4m7!3m6!1s0x39225d00031324f5:0xaf54d48d6d275fa2!8m2!3d31.3906229!4d73.0781713!16s%2Fg%2F11ynkd7zfn!19sChIJ9SQTAwBdIjkRol8nbY3UVK8?authuser=0&hl=en&g_ep=EgoyMDI2MDkwMi4wIJJjKgBIAVAD&rclk=1
realestate in faislabad in Samundri Road Pakistan,Defence Enclave,+92 300 4756222,https://www.google.com/maps/place/Defence+Enclave/data=!4m7!3m6!1s0x392267ce7b8d85cd:0xa351035340db12ba!8m2!3d31.3291619!4d73.1058173!16s%2Fg%2F11t478tkfk!19sChIJzYWNe85nIjkRuhLbQFMDUaM?authuser=0&hl=en&g_ep=EgoyMDI2MDkwMi4wIJJjKgBIAVAD&rclk=1
realestate in faislabad in Samundri Road Pakistan,Zainab Real Estate,Not Found,https://www.google.com/maps/place/Zainab+Real+Estate/data=!4m7!3m6!1s0x39225d004d12c665:0x2e92a7b50a32274a!8m2!3d31.355773!4d73.0648753!16s%2Fg%2F11zh9_jm_k!19sChIJZcYSTQBdIjkRSicyCrWnki4?authuser=0&hl=en&g_ep=EgoyMDI2MDkwMi4wIJJjKgBIAVAD&rclk=1
realestate in faislabad in Samundri Road Pakistan,Zaki Estate Developers,+92 315 4428001,https://www.google.com/maps/place/Zaki+Estate+Developers/data=!4m7!3m6!1s0x39225d628b1f58e9:0x3f1671702e43d279!8m2!3d31.3525327!4d73.0643125!16s%2Fg%2F11l59mdwmr!19sChIJ6Vgfi2JdIjkRedJDLnBxFj8?authuser=0&hl=en&g_ep=EgoyMDI2MDkwMi4wIJJjKgBIAVAD&rclk=1
realestate in faislabad in Samundri Road Pakistan,Arham Real Estate,+92 300 6680936,https://www.google.com/maps/place/Arham+Real+Estate/data=!4m7!3m6!1s0x39225dc95ebc5733:0x18c467d8afb5507d!8m2!3d31.3893116!4d73.0009806!16s%2Fg%2F11j3tvmt7h!19sChIJM1e8XsldIjkRfVC1r9hnxBg?authuser=0&hl=en&g_ep=EgoyMDI2MDkwMi4wIJJjKgBIAVAD&rclk=1
realestate in faislabad in Samundri Road Pakistan,Arham Builders & Property Advisors,+92 341 6592996,https://www.google.com/maps/place/Arham+Builders+%26+Property+Advisors/data=!4m7!3m6!1s0x39225d0321ad30e9:0x2245cf635eb1dc2f!8m2!3d31.3443369!4d73.0656792!16s%2Fg%2F11sc46z9yz!19sChIJ6TCtIQNdIjkRL9yxXmPPRSI?authuser=0&hl=en&g_ep=EgoyMDI2MDkwMi4wIJJjKgBIAVAD&rclk=1
realestate in faislabad in Samundri Road Pakistan,Royal Vision Real Estate & Builders,+92 300 8658215,https://www.google.com/maps/place/Royal+Vision+Real+Estate+%26+Builders/data=!4m7!3m6!1s0x39225d001236eaf7:0xfa1fa298d3184c71!8m2!3d31.3516168!4d73.0632388!16s%2Fg%2F11nr5jbyrt!19sChIJ9-o2EgBdIjkRcUwY05iiH_o?authuser=0&hl=en&g_ep=EgoyMDI2MDkwMi4wIJJjKgBIAVAD&rclk=1
realestate in faislabad in Samundri Road Pakistan,Green Land Linker's,+92 308 9276903,https://www.google.com/maps/place/Green+Land+Linker%27s/data=!4m7!3m6!1s0x39225d3f8f6178fb:0x641dc0982c9af35!8m2!3d31.3270542!4d73.0855817!16s%2Fg%2F11mm6f3gxr!19sChIJ-3hhjz9dIjkRNa_JggncQQY?authuser=0&hl=en&g_ep=EgoyMDI2MDkwMi4wIJJjKgBIAVAD&rclk=1
realestate in faislabad in Samundri Road Pakistan,ARZ313 Head Office,+92 304 1110313,https://www.google.com/maps/place/ARZ313+Head+Office/data=!4m7!3m6!1s0x39225d35df40847b:0x993e3cca3276c85d!8m2!3d31.3481864!4d73.0704437!16s%2Fg%2F11vb82mhwc!19sChIJe4RA3zVdIjkRXch2Mso8Ppk?authuser=0&hl=en&g_ep=EgoyMDI2MDkwMi4wIJJjKgBIAVAD&rclk=1
realestate in faislabad in Samundri Road Pakistan,New Canal Garden,+92 300 8658294,https://www.google.com/maps/place/New+Canal+Garden/data=!4m7!3m6!1s0x39225d74c578e3a5:0x1900678560cf43d4!8m2!3d31.3384362!4d73.0522009!16s%2Fg%2F11ggrrxtrp!19sChIJpeN4xXRdIjkR1EPPYIVnABk?authuser=0&hl=en&g_ep=EgoyMDI2MDkwMi4wIJJjKgBIAVAD&rclk=1
realestate in faislabad in Samundri Road Pakistan,The Property Gallery & Constructions,+92 311 6633635,https://www.google.com/maps/place/The+Property+Gallery+%26+Constructions/data=!4m7!3m6!1s0x39225d2639c3dced:0x4d3ddf2764b7231a!8m2!3d31.3498658!4d73.0685316!16s%2Fg%2F11swdql98p!19sChIJ7dzDOSZdIjkRGiO3ZCffPU0?authuser=0&hl=en&g_ep=EgoyMDI2MDkwMi4wIJJjKgBIAVAD&rclk=1
realestate in faislabad in Samundri Road Pakistan,Shamah Estate,+92 304 8441660,https://www.google.com/maps/place/Shamah+Estate/data=!4m7!3m6!1s0x3922670042cfea4b:0x6ff2d9dff8e827ba!8m2!3d31.3285858!4d73.1129095!16s%2Fg%2F11whrjrp9k!19sChIJS-rPQgBnIjkRuifo-N_Z8m8?authuser=0&hl=en&g_ep=EgoyMDI2MDkwMi4wIJJjKgBIAVAD&rclk=1
realestate in faislabad in Samundri Road Pakistan,The Meadows Phase-1.Samundri.road Fiasalabad 69,+92 41 111 111 837,https://www.google.com/maps/place/The+Meadows+Phase-1.Samundri.road+Fiasalabad+69/data=!4m7!3m6!1s0x39225d1688f5fe4f:0xf5f9a6ac20fdb4d9!8m2!3d31.3515314!4d73.0631417!16s%2Fg%2F11kk0kfs6y!19sChIJT_71iBZdIjkR2bT9IKym-fU?authuser=0&hl=en&g_ep=EgoyMDI2MDkwMi4wIJJjKgBIAVAD&rclk=1
realestate in faislabad in Samundri Road Pakistan,Fauji zaheer Estate Linkers and Developers,+92 303 6283052,https://www.google.com/maps/place/Fauji+zaheer+Estate+Linkers+and+Developers/data=!4m7!3m6!1s0x39225d07d8344129:0x26f480f5c02534e9!8m2!3d31.3656645!4d73.0636899!16s%2Fg%2F11s61cc3f4!19sChIJKUE02AddIjkR6TQlwPWA9CY?authuser=0&hl=en&g_ep=EgoyMDI2MDkwMi4wIJJjKgBIAVAD&rclk=1
realestate in faislabad in Samundri Road Pakistan,Hassan house,Not Found,https://www.google.com/maps/place/Hassan+house/data=!4m7!3m6!1s0x39225d00520ff25b:0xaa15ce9e0ff0d9df!8m2!3d31.355773!4d73.0648753!16s%2Fg%2F11z6vsqz8w!19sChIJW_IPUgBdIjkR39nwD57OFao?authuser=0&hl=en&g_ep=EgoyMDI2MDkwMi4wIJJjKgBIAVAD&rclk=1
realestate in faislabad in Samundri Road Pakistan,Malqiyet.com / Ahsan Atiq,Not Found,https://www.google.com/maps/place/Malqiyet.com+%2F+Ahsan+Atiq/data=!4m7!3m6!1s0x39225d005b5fa061:0x6e52c15dad868f8f!8m2!3d31.3509858!4d73.0618898!16s%2Fg%2F11w1dbd0w4!19sChIJYaBfWwBdIjkRj4-GrV3BUm4?authuser=0&hl=en&g_ep=EgoyMDI2MDkwMi4wIJJjKgBIAVAD&rclk=1
realestate in faislabad in Samundri Road Pakistan,ALAIN MART AND SNOOKER CLUBAl-Ain Tower,+92 304 7058866,https://www.google.com/maps/place/ALAIN+MART+AND+SNOOKER+CLUBAl-Ain+Tower/data=!4m7!3m6!1s0x39225df8a67a3a5b:0xd024a21863569416!8m2!3d31.3266412!4d73.0871805!16s%2Fg%2F11lcyk4t3r!19sChIJWzp6pvhdIjkRFpRWYxiiJNA?authuser=0&hl=en&g_ep=EgoyMDI2MDkwMi4wIJJjKgBIAVAD&rclk=1
realestate in faislabad in Samundri Road Pakistan,Shaban Property Advisors,+92 321 6082497,https://www.google.com/maps/place/Shaban+Property+Advisors/data=!4m7!3m6!1s0x39225d002dce4879:0x4c64fb971a80e16!8m2!3d31.3560033!4d73.0778739!16s%2Fg%2F11zdybwnxh!19sChIJeUjOLQBdIjkRFg6ocblPxgQ?authuser=0&hl=en&g_ep=EgoyMDI2MDkwMi4wIJJjKgBIAVAD&rclk=1
realestate in faislabad in Samundri Road Pakistan,Al-Rehmat Property Developer,Not Found,https://www.google.com/maps/place/Al-Rehmat+Property+Developer/data=!4m7!3m6!1s0x392267b2533648ad:0xee57fa5fee8907a9!8m2!3d31.3749611!4d73.1315278!16s%2Fg%2F11xc92kc7!19sChIJrUg2U7JnIjkRqQeJ7l_6V-4?authuser=0&hl=en&g_ep=EgoyMDI2MDkwMi4wIJJjKgBIAVAD&rclk=1
realestate in faislabad in Samundri Road Pakistan,Air Avenue City,Not Found,https://www.google.com/maps/place/Air+Avenue+City/data=!4m7!3m6!1s0x392243545024934f:0x4880f57b92bd5d6b!8m2!3d31.3903865!4d72.9973287!16s%2Fg%2F11bwpyph5k!19sChIJT5MkUFRDIjkRa129knv1gEg?authuser=0&hl=en&g_ep=EgoyMDI2MDkwMi4wIJJjKgBIAVAD&rclk=1
realestate in faislabad in Satyana Road Pakistan,Madni Real Estate || Best Real Estate Agency In Faisalabad,Not Found,https://www.google.com/maps/place/Madni+Real+Estate+%7C%7C+Best+Real+Estate+Agency+In+Faisalabad/data=!4m7!3m6!1s0x39226941c3501b8f:0x6afa8d38c23d7366!8m2!3d31.4095935!4d73.0976212!16s%2Fg%2F11twq4dn12!19sChIJjxtQw0FpIjkRZnM9wjiN-mo?authuser=0&hl=en&g_ep=EgoyMDI2MDkwMi4wIJJjKgBIAVAD&rclk=1
realestate in faislabad in Satyana Road Pakistan,Real estate property dealer faislabad,+92 309 7194021,https://www.google.com/maps/place/Real+estate+property+dealer+faislabad/data=!4m7!3m6!1s0x3922675eee7f1815:0x25152eba8ea384d9!8m2!3d31.3734912!4d73.1246979!16s%2Fg%2F11zg9nxlx3!19sChIJFRh_7l5nIjkR2YSjjrouFSU?authuser=0&hl=en&g_ep=EgoyMDI2MDkwMi4wIJJjKgBIAVAD&rclk=1
realestate in faislabad in Satyana Road Pakistan,LandMark Real Estate & Developers Faisalabad | Property Dealers,+92 301 7078008,https://www.google.com/maps/place/LandMark+Real+Estate+%26+Developers+Faisalabad+%7C+Property+Dealers/data=!4m7!3m6!1s0x392269b74827fe23:0x264ce9001ce5291c!8m2!3d31.4337523!4d73.1430955!16s%2Fg%2F11q7f1_274!19sChIJI_4nSLdpIjkRHCnlHADpTCY?authuser=0&hl=en&g_ep=EgoyMDI2MDkwMi4wIJJjKgBIAVAD&rclk=1
realestate in faislabad in Satyana Road Pakistan,Talha Real Estate - Citi Housing Faisalabad,+92 328 3300111,https://www.google.com/maps/place/Talha+Real+Estate+-+Citi+Housing+Faisalabad/data=!4m7!3m6!1s0x39225d17424ad4ef:0xd71a21862797818e!8m2!3d31.3272472!4d73.0855682!16s%2Fg%2F11ynv5r8pd!19sChIJ79RKQhddIjkRjoGXJ4YhGtc?authuser=0&hl=en&g_ep=EgoyMDI2MDkwMi4wIJJjKgBIAVAD&rclk=1
realestate in faislabad in Satyana Road Pakistan,ArzaayPak.com: Your Real Estate Experts,+92 321 3219321,https://www.google.com/maps/place/ArzaayPak.com:+Your+Real+Estate+Experts/data=!4m7!3m6!1s0x392269e9b5d5bc29:0x47e7bc23ed23e89!8m2!3d31.4555814!4d73.1600294!16s%2Fg%2F11sdykhz6b!19sChIJKbzVtelpIjkRiT7SPsJ7fgQ?authuser=0&hl=en&g_ep=EgoyMDI2MDkwMi4wIJJjKgBIAVAD&rclk=1
realestate in faislabad in Satyana Road Pakistan,JK Real Estate & Builders,+92 313 7627891,https://www.google.com/maps/place/JK+Real+Estate+%26+Builders/data=!4m7!3m6!1s0x392267a843101b1b:0xfb00316e265acf72!8m2!3d31.3897406!4d73.1353878!16s%2Fg%2F11pz7btrg6!19sChIJGxsQQ6hnIjkRcs9aJm4xAPs?authuser=0&hl=en&g_ep=EgoyMDI2MDkwMi4wIJJjKgBIAVAD&rclk=1
realestate in faislabad in Satyana Road Pakistan,Chenab Estate Advisors,+92 301 7168660,https://www.google.com/maps/place/Chenab+Estate+Advisors/data=!4m7!3m6!1s0x39225dbf92676b67:0xb82309ab0e76a5bf!8m2!3d31.4154534!4d73.1155461!16s%2Fg%2F11vc8bwtpj!19sChIJZ2tnkr9dIjkRv6V2DqsJI7g?authuser=0&hl=en&g_ep=EgoyMDI2MDkwMi4wIJJjKgBIAVAD&rclk=1
realestate in faislabad in Satyana Road Pakistan,Haven Properties,+92 321 5325555,https://www.google.com/maps/place/Haven+Properties/data=!4m7!3m6!1s0x3922433a6a19d1ad:0x2054715222ee3e08!8m2!3d31.4039684!4d73.1040737!16s%2Fg%2F11m_d665_8!19sChIJrdEZajpDIjkRCD7uIlJxVCA?authuser=0&hl=en&g_ep=EgoyMDI2MDkwMi4wIJJjKgBIAVAD&rclk=1
realestate in faislabad in Satyana Road Pakistan,Faisalabad Realtors,+92 300 8261111,https://www.google.com/maps/place/Faisalabad+Realtors/data=!4m7!3m6!1s0x39226925d3b65a37:0xe0babd5089e745b6!8m2!3d31.4124872!4d73.1150798!16s%2Fg%2F11h5pnt29v!19sChIJN1q20yVpIjkRtkXniVC9uuA?authuser=0&hl=en&g_ep=EgoyMDI2MDkwMi4wIJJjKgBIAVAD&rclk=1
realestate in faislabad in Satyana Road Pakistan,TAMRE Properties,+92 300 1690207,https://www.google.com/maps/place/TAMRE+Properties/data=!4m7!3m6!1s0x3922690eb7455bef:0xe7413c0726f000dd!8m2!3d31.5148993!4d73.0745659!16s%2Fg%2F11z5_6np_s!19sChIJ71tFtw5pIjkR3QDwJgc8Qec?authuser=0&hl=en&g_ep=EgoyMDI2MDkwMi4wIJJjKgBIAVAD&rclk=1
realestate in faislabad in Satyana Road Pakistan,G M Estate,+92 307 2233335,https://www.google.com/maps/place/G+M+Estate/data=!4m7!3m6!1s0x392267b05d022e41:0x355835543cc9136d!8m2!3d31.3735782!4d73.1238061!16s%2Fg%2F11df0507h3!19sChIJQS4CXbBnIjkRbRPJPFQ1WDU?authuser=0&hl=en&g_ep=EgoyMDI2MDkwMi4wIJJjKgBIAVAD&rclk=1
realestate in faislabad in Satyana Road Pakistan,MADINA ESTSTE AGENCY,+92 321 6601702,https://www.google.com/maps/place/MADINA+ESTSTE+AGENCY/data=!4m7!3m6!1s0x392269a33e33ddeb:0x95a02db052f59222!8m2!3d31.4201878!4d73.117001!16s%2Fg%2F11htyt_12k!19sChIJ690zPqNpIjkRIpL1UrAtoJU?authuser=0&hl=en&g_ep=EgoyMDI2MDkwMi4wIJJjKgBIAVAD&rclk=1
realestate in faislabad in Satyana Road Pakistan,Allah BadShah Estate Agency,+92 300 7849090,https://www.google.com/maps/place/Allah+BadShah+Estate+Agency/data=!4m7!3m6!1s0x392267bbba18c0b7:0x382673c3d2cfd7df!8m2!3d31.3867424!4d73.1242112!16s%2Fg%2F11fjbp6zhf!19sChIJt8AYurtnIjkR39fP0sNzJjg?authuser=0&hl=en&g_ep=EgoyMDI2MDkwMi4wIJJjKgBIAVAD&rclk=1
realestate in faislabad in Satyana Road Pakistan,Rana Ali Raza Estate agency,+92 300 6620249,https://www.google.com/maps/place/Rana+Ali+Raza+Estate+agency/data=!4m7!3m6!1s0x392269c839cb8c91:0x14a7708ab6827076!8m2!3d31.4626779!4d73.1437663!16s%2Fg%2F11fk01_dk5!19sChIJkYzLOchpIjkRdnCCtopwpxQ?authuser=0&hl=en&g_ep=EgoyMDI2MDkwMi4wIJJjKgBIAVAD&rclk=1
realestate in faislabad in Satyana Road Pakistan,Jaidad Real Estate Advisors,+92 333 8481824,https://www.google.com/maps/place/Jaidad+Real+Estate+Advisors/data=!4m7!3m6!1s0x3922678142a01a57:0x924e46c6c742a81!8m2!3d31.3639036!4d73.1204049!16s%2Fg%2F11nzywq1gf!19sChIJVxqgQoFnIjkRgSp0bGzkJAk?authuser=0&hl=en&g_ep=EgoyMDI2MDkwMi4wIJJjKgBIAVAD&rclk=1
realestate in faislabad in Satyana Road Pakistan,Crystal Pakistan,+92 300 7997711,https://www.google.com/maps/place/Crystal+Pakistan/data=!4m7!3m6!1s0x61cc61445f118ee9:0xf5bcc9e4a99405ec!8m2!3d32.5270456!4d73.6706674!16s%2Fg%2F11sjzwvfm2!19sChIJ6Y4RX0RhzGER7AWUqeTJvPU?authuser=0&hl=en&g_ep=EgoyMDI2MDkwMi4wIJJjKgBIAVAD&rclk=1
realestate in faislabad in Satyana Road Pakistan,SHIRAZI REAL ESTATE,+92 300 9650574,https://www.google.com/maps/place/SHIRAZI+REAL+ESTATE/data=!4m7!3m6!1s0x3922690e4d045a81:0xa37eaef799a6fee1!8m2!3d31.4301643!4d73.1137126!16s%2Fg%2F11t3_cnphd!19sChIJgVoETQ5pIjkR4f6mmfeufqM?authuser=0&hl=en&g_ep=EgoyMDI2MDkwMi4wIJJjKgBIAVAD&rclk=1
realestate in faislabad in Satyana Road Pakistan,Al Barkat Real Estate,+92 319 0209697,https://www.google.com/maps/place/Al+Barkat+Real+Estate/data=!4m7!3m6!1s0x3922698d714b9283:0x113b98a586ce1c1!8m2!3d31.4096734!4d73.1551237!16s%2Fg%2F11s2yhhnhd!19sChIJg5JLcY1pIjkRweFsWIq5EwE?authuser=0&hl=en&g_ep=EgoyMDI2MDkwMi4wIJJjKgBIAVAD&rclk=1
realestate in faislabad in Satyana Road Pakistan,12HA Real Estate,+92 306 4949957,https://www.google.com/maps/place/12HA+Real+Estate/data=!4m7!3m6!1s0x3922699745838e27:0xe6ba9e5e92fa196d!8m2!3d31.4065831!4d73.0996297!16s%2Fg%2F11y3kb22z_!19sChIJJ46DRZdpIjkRbRn6kl6euuY?authuser=0&hl=en&g_ep=EgoyMDI2MDkwMi4wIJJjKgBIAVAD&rclk=1
realestate in faislabad in Satyana Road Pakistan,AlRaheem Valley Office,+92 300 6666702,https://www.google.com/maps/place/AlRaheem+Valley+Office/data=!4m7!3m6!1s0x392267aada8e7fb5:0xc543f52f70262f56!8m2!3d31.3850448!4d73.129765!16s%2Fg%2F11pv5qmk99!19sChIJtX-O2qpnIjkRVi8mcC_1Q8U?authuser=0&hl=en&g_ep=EgoyMDI2MDkwMi4wIJJjKgBIAVAD&rclk=1
realestate in faislabad in Satyana Road Pakistan,TAMRE Properties,+92 300 1690207,https://www.google.com/maps/place/TAMRE+Properties/data=!4m7!3m6!1s0x3922690eb7455bef:0xe7413c0726f000dd!8m2!3d31.5148993!4d73.0745659!16s%2Fg%2F11z5_6np_s!19sChIJ71tFtw5pIjkR3QDwJgc8Qec?authuser=0&hl=en&g_ep=EgoyMDI2MDkwMi4wIJJjKgBIAVAD&rclk=1
realestate in faislabad in Satyana Road Pakistan,Chenab Estate Advisors,+92 301 7168660,https://www.google.com/maps/place/Chenab+Estate+Advisors/data=!4m7!3m6!1s0x39225dbf92676b67:0xb82309ab0e76a5bf!8m2!3d31.4154534!4d73.1155461!16s%2Fg%2F11vc8bwtpj!19sChIJZ2tnkr9dIjkRv6V2DqsJI7g?authuser=0&hl=en&g_ep=EgoyMDI2MDkwMi4wIJJjKgBIAVAD&rclk=1
realestate in faislabad in Satyana Road Pakistan,Al Barkat Real Estate,+92 319 0209697,https://www.google.com/maps/place/Al+Barkat+Real+Estate/data=!4m7!3m6!1s0x3922698d714b9283:0x113b98a586ce1c1!8m2!3d31.4096734!4d73.1551237!16s%2Fg%2F11s2yhhnhd!19sChIJg5JLcY1pIjkRweFsWIq5EwE?authuser=0&hl=en&g_ep=EgoyMDI2MDkwMi4wIJJjKgBIAVAD&rclk=1
realestate in faislabad in Satyana Road Pakistan,City estate advisors,+92 300 8663391,https://www.google.com/maps/place/City+estate+advisors/data=!4m7!3m6!1s0x3922677e4708c4cd:0x444e33d73c7749aa!8m2!3d31.3740804!4d73.132659!16s%2Fg%2F11pv0dd0dx!19sChIJzcQIR35nIjkRqkl3PNczTkQ?authuser=0&hl=en&g_ep=EgoyMDI2MDkwMi4wIJJjKgBIAVAD&rclk=1
realestate in faislabad in Satyana Road Pakistan,Le Meridian City Faisalabad,+92 304 1111695,https://www.google.com/maps/place/Le+Meridian+City+Faisalabad/data=!4m7!3m6!1s0x3922133f0ed830a5:0xc5c8cca64b0ee148!8m2!3d31.6032894!4d73.241652!16s%2Fg%2F11sk88wp6k!19sChIJpTDYDj8TIjkRSOEOS6bMyMU?authuser=0&hl=en&g_ep=EgoyMDI2MDkwMi4wIJJjKgBIAVAD&rclk=1
realestate in faislabad in Satyana Road Pakistan,Punjab Small Industrial Estate,Not Found,https://www.google.com/maps/place/Punjab+Small+Industrial+Estate/data=!4m7!3m6!1s0x3922419a64b95dff:0x568a3e4024be7a24!8m2!3d31.4996651!4d73.0533421!16s%2Fg%2F1thtm_90!19sChIJ_125ZJpBIjkRJHq-JEA-ilY?authuser=0&hl=en&g_ep=EgoyMDI2MDkwMi4wIJJjKgBIAVAD&rclk=1
realestate in faislabad in Satyana Road Pakistan,Paramount City,+92 300 8662344,https://www.google.com/maps/place/Paramount+City/data=!4m7!3m6!1s0x392267562f6b071f:0xb3ce88f2e0a4c7df!8m2!3d31.3328121!4d73.1603565!16s%2Fg%2F11spk8s2s2!19sChIJHwdrL1ZnIjkR38ek4PKIzrM?authuser=0&hl=en&g_ep=EgoyMDI2MDkwMi4wIJJjKgBIAVAD&rclk=1
realestate in faislabad in Satyana Road Pakistan,"Doctor city, wali block",+92 307 4444636,"https://www.google.com/maps/place/Doctor+city,+wali+block/data=!4m7!3m6!1s0x39226731fcad2d15:0x5b8dfd265da413e2!8m2!3d31.3631694!4d73.1464111!16s%2Fg%2F11ssxyn_fy!19sChIJFS2t_DFnIjkR4hOkXSb9jVs?authuser=0&hl=en&g_ep=EgoyMDI2MDkwMi4wIJJjKgBIAVAD&rclk=1"
realestate in faislabad in Satyana Road Pakistan,Bridge4Homes Real Estate Consultants,+92 320 1671171,https://www.google.com/maps/place/Bridge4Homes+Real+Estate+Consultants/data=!4m7!3m6!1s0x392242053cf30205:0x858fd24e23628c89!8m2!3d31.366442!4d73.1379176!16s%2Fg%2F11llkfk6sl!19sChIJBQLzPAVCIjkRiYxiI07Sj4U?authuser=0&hl=en&g_ep=EgoyMDI2MDkwMi4wIJJjKgBIAVAD&rclk=1
realestate in faislabad in Satyana Road Pakistan,Tech Town,+92 41 8777263,https://www.google.com/maps/place/Tech+Town/data=!4m7!3m6!1s0x392267b3f182097b:0x6417bc86ed485a85!8m2!3d31.3703499!4d73.1279601!16s%2Fg%2F11gbfs98kd!19sChIJewmC8bNnIjkRhVpI7Ya8F2Q?authuser=0&hl=en&g_ep=EgoyMDI2MDkwMi4wIJJjKgBIAVAD&rclk=1
realestate in faislabad in Satyana Road Pakistan,Blossom Avenue,+92 341 1114888,https://www.google.com/maps/place/Blossom+Avenue/data=!4m7!3m6!1s0x392266c03549fe45:0x66ec956c0e9289fd!8m2!3d31.341062!4d73.155624!16s%2Fg%2F11g8vpsxl8!19sChIJRf5JNcBmIjkR_YmSDmyV7GY?authuser=0&hl=en&g_ep=EgoyMDI2MDkwMi4wIJJjKgBIAVAD&rclk=1
realestate in faislabad in Satyana Road Pakistan,Royal Estate & Marketing,+92 300 7666678,https://www.google.com/maps/place/Royal+Estate+%26+Marketing/data=!4m7!3m6!1s0x392269898324ef6d:0x4522fefb5360444!8m2!3d31.4292876!4d73.1519283!16s%2Fg%2F11xt4_lb8x!19sChIJbe8kg4lpIjkRRAQ2te8vUgQ?authuser=0&hl=en&g_ep=EgoyMDI2MDkwMi4wIJJjKgBIAVAD&rclk=1
realestate in faislabad in Satyana Road Pakistan,Crystal Pakistan,+92 300 7997711,https://www.google.com/maps/place/Crystal+Pakistan/data=!4m7!3m6!1s0x61cc61445f118ee9:0xf5bcc9e4a99405ec!8m2!3d32.5270456!4d73.6706674!16s%2Fg%2F11sjzwvfm2!19sChIJ6Y4RX0RhzGER7AWUqeTJvPU?authuser=0&hl=en&g_ep=EgoyMDI2MDkwMi4wIJJjKgBIAVAD&rclk=1
realestate in faislabad in Satyana Road Pakistan,Rana Ali Raza Estate agency,+92 300 6620249,https://www.google.com/maps/place/Rana+Ali+Raza+Estate+agency/data=!4m7!3m6!1s0x392269c839cb8c91:0x14a7708ab6827076!8m2!3d31.4626779!4d73.1437663!16s%2Fg%2F11fk01_dk5!19sChIJkYzLOchpIjkRdnCCtopwpxQ?authuser=0&hl=en&g_ep=EgoyMDI2MDkwMi4wIJJjKgBIAVAD&rclk=1
realestate in faislabad in Satyana Road Pakistan,Satiana,Not Found,https://www.google.com/maps/place/Satiana/data=!4m7!3m6!1s0x392269004943b611:0x12a8477a19a02abc!8m2!3d31.4110129!4d73.1192435!16s%2Fg%2F11ys03y4ry!19sChIJEbZDSQBpIjkRvCqgGXpHqBI?authuser=0&hl=en&g_ep=EgoyMDI2MDkwMi4wIJJjKgBIAVAD&rclk=1
realestate in faislabad in Satyana Road Pakistan,Marhaba real estate,Not Found,https://www.google.com/maps/place/Marhaba+real+estate/data=!4m7!3m6!1s0x39226700241770a3:0x6686e1733dbcb1a5!8m2!3d31.3646418!4d73.1203329!16s%2Fg%2F11x_3hgf0x!19sChIJo3AXJABnIjkRpbG8PXPhhmY?authuser=0&hl=en&g_ep=EgoyMDI2MDkwMi4wIJJjKgBIAVAD&rclk=1
realestate in faislabad in Satyana Road Pakistan,Shah jee property devolper,+92 321 6673786,https://www.google.com/maps/place/Shah+jee+property+devolper/data=!4m7!3m6!1s0x392242a2e72275a9:0x8056a94b26c9deaf!8m2!3d31.375426!4d73.131563!16s%2Fg%2F1hjgrddvk!19sChIJqXUi56JCIjkRr97JJkupVoA?authuser=0&hl=en&g_ep=EgoyMDI2MDkwMi4wIJJjKgBIAVAD&rclk=1
realestate in faislabad in Millat Town Pakistan,Property Dealer Faisalabad,+92 301 2241616,https://www.google.com/maps/place/Property+Dealer+Faisalabad/data=!4m7!3m6!1s0x3922691f9b1cb62f:0xbec0701d1c47ca1f!8m2!3d31.4879559!4d73.1061883!16s%2Fg%2F11z7sphcq5!19sChIJL7Ycmx9pIjkRH8pHHB1wwL4?authuser=0&hl=en&g_ep=EgoyMDI2MDkwMi4wIJJjKgBIAVAD&rclk=1
realestate in faislabad in Millat Town Pakistan,Town Estate Agency,+92 300 6617233,https://www.google.com/maps/place/Town+Estate+Agency/data=!4m7!3m6!1s0x39226b65e800abb5:0x9e070d6053d33b7c!8m2!3d31.4910873!4d73.1061297!16s%2Fg%2F11ks5btc28!19sChIJtasA6GVrIjkRfDvTU2ANB54?authuser=0&hl=en&g_ep=EgoyMDI2MDkwMi4wIJJjKgBIAVAD&rclk=1
realestate in faislabad in Millat Town Pakistan,MEEZAN REAL ESTATE,+92 300 7785625,https://www.google.com/maps/place/MEEZAN+REAL+ESTATE/data=!4m7!3m6!1s0x3922698a3d7fbb83:0x9e404423d18f3477!8m2!3d31.489188!4d73.1036023!16s%2Fg%2F11fqcbb6fl!19sChIJg7t_PYppIjkRdzSP0SNEQJ4?authuser=0&hl=en&g_ep=EgoyMDI2MDkwMi4wIJJjKgBIAVAD&rclk=1
realestate in faislabad in Millat Town Pakistan,Millat Estate Agency,+92 41 8766254,https://www.google.com/maps/place/Millat+Estate+Agency/data=!4m7!3m6!1s0x392269f5c94e969f:0x1653a7c7e988b59b!8m2!3d31.4885293!4d73.1065883!16s%2Fg%2F11xfjmp8d!19sChIJn5ZOyfVpIjkRm7WI6cenUxY?authuser=0&hl=en&g_ep=EgoyMDI2MDkwMi4wIJJjKgBIAVAD&rclk=1
realestate in faislabad in Millat Town Pakistan,Faisalabad,+92 345 2726066,https://www.google.com/maps/place/Faisalabad/data=!4m7!3m6!1s0x3922694912869933:0x5cc2742ee79b81f7!8m2!3d31.4874929!4d73.0941002!16s%2Fg%2F11kb7h1hss!19sChIJM5mGEklpIjkR94Gb5y50wlw?authuser=0&hl=en&g_ep=EgoyMDI2MDkwMi4wIJJjKgBIAVAD&rclk=1
realestate in faislabad in Millat Town Pakistan,"A Block, Millat Town, Faisalabad",Not Found,"https://www.google.com/maps/place/A+Block,+Millat+Town,+Faisalabad/data=!4m7!3m6!1s0x39226977a568b22d:0xc4c4e402cbc1dc0a!8m2!3d31.4931157!4d73.1025036!16s%2Fg%2F11tt28z633!19sChIJLbJopXdpIjkRCtzBywLkxMQ?authuser=0&hl=en&g_ep=EgoyMDI2MDkwMi4wIJJjKgBIAVAD&rclk=1"
realestate in faislabad in Millat Town Pakistan,Kiran Valley,Not Found,https://www.google.com/maps/place/Kiran+Valley/data=!4m7!3m6!1s0x392269955749a8fd:0x302ea426d84fadfe!8m2!3d31.4908049!4d73.1174903!16s%2Fg%2F11h7cp6pkw!19sChIJ_ahJV5VpIjkR_q1P2CakLjA?authuser=0&hl=en&g_ep=EgoyMDI2MDkwMi4wIJJjKgBIAVAD&rclk=1
realestate in faislabad in Millat Town Pakistan,Faisalabad Property Dealer,+92 300 7009406,https://www.google.com/maps/place/Faisalabad+Property+Dealer/data=!4m7!3m6!1s0x39224339013ed9dd:0xa24eefe035511fd8!8m2!3d31.4571032!4d73.083312!16s%2Fg%2F11ptvh1bb0!19sChIJ3dk-ATlDIjkR2B9RNeDvTqI?authuser=0&hl=en&g_ep=EgoyMDI2MDkwMi4wIJJjKgBIAVAD&rclk=1
realestate in faislabad in Millat Town Pakistan,Talha Real Estate - Citi Housing Faisalabad,+92 328 3300111,https://www.google.com/maps/place/Talha+Real+Estate+-+Citi+Housing+Faisalabad/data=!4m7!3m6!1s0x39225d17424ad4ef:0xd71a21862797818e!8m2!3d31.3272472!4d73.0855682!16s%2Fg%2F11ynv5r8pd!19sChIJ79RKQhddIjkRjoGXJ4YhGtc?authuser=0&hl=en&g_ep=EgoyMDI2MDkwMi4wIJJjKgBIAVAD&rclk=1
realestate in faislabad in Millat Town Pakistan,Ismail Green,+92 321 8661051,https://www.google.com/maps/place/Ismail+Green/data=!4m7!3m6!1s0x39226a219429c5b3:0x689d6caf842f98bf!8m2!3d31.4944631!4d73.1177289!16s%2Fg%2F11dfjy9zty!19sChIJs8UplCFqIjkRv5gvhK9snWg?authuser=0&hl=en&g_ep=EgoyMDI2MDkwMi4wIJJjKgBIAVAD&rclk=1
realestate in faislabad in Millat Town Pakistan,SMD City,+92 347 7181991,https://www.google.com/maps/place/SMD+City/data=!4m7!3m6!1s0x3922698992c1b4a7:0x43f8939caa3ba0eb!8m2!3d31.4794894!4d73.1111464!16s%2Fg%2F11fhjcx8x4!19sChIJp7TBkolpIjkR66A7qpyT-EM?authuser=0&hl=en&g_ep=EgoyMDI2MDkwMi4wIJJjKgBIAVAD&rclk=1
realestate in faislabad in Millat Town Pakistan,A.A Estate (Marketing) Faisalabad,+92 300 4790381,https://www.google.com/maps/place/A.A+Estate+%28Marketing%29+Faisalabad/data=!4m7!3m6!1s0x392269b53b388acf:0x6c811978f1d90aae!8m2!3d31.4692442!4d73.1046249!16s%2Fg%2F11h35pr2p6!19sChIJz4o4O7VpIjkRrgrZ8XgZgWw?authuser=0&hl=en&g_ep=EgoyMDI2MDkwMi4wIJJjKgBIAVAD&rclk=1
realestate in faislabad in Millat Town Pakistan,Madni Real Estate || Best Real Estate Agency In Faisalabad,+92 301 6044097,https://www.google.com/maps/place/Madni+Real+Estate+%7C%7C+Best+Real+Estate+Agency+In+Faisalabad/data=!4m7!3m6!1s0x39226941c3501b8f:0x6afa8d38c23d7366!8m2!3d31.4095935!4d73.0976212!16s%2Fg%2F11twq4dn12!19sChIJjxtQw0FpIjkRZnM9wjiN-mo?authuser=0&hl=en&g_ep=EgoyMDI2MDkwMi4wIJJjKgBIAVAD&rclk=1
realestate in faislabad in Millat Town Pakistan,Mian house ( real estate ),Not Found,https://www.google.com/maps/place/Mian+house+%28+real+estate+%29/data=!4m7!3m6!1s0x39226b006beaa307:0x88eda82106de3e14!8m2!3d31.4962353!4d73.106481!16s%2Fg%2F11zx0v_1q9!19sChIJB6PqawBrIjkRFD7eBiGo7Yg?authuser=0&hl=en&g_ep=EgoyMDI2MDkwMi4wIJJjKgBIAVAD&rclk=1
realestate in faislabad in Millat Town Pakistan,Kiran Valley Ghona,+92 341 3635215,https://www.google.com/maps/place/Kiran+Valley+Ghona/data=!4m7!3m6!1s0x39226b89476d35b9:0x1470998448b0c8f1!8m2!3d31.4915328!4d73.1069828!16s%2Fg%2F11hy_dlhmv!19sChIJuTVtR4lrIjkR8ciwSISZcBQ?authuser=0&hl=en&g_ep=EgoyMDI2MDkwMi4wIJJjKgBIAVAD&rclk=1
realestate in faislabad in Millat Town Pakistan,Baig Estate Agency,+92 300 4423395,https://www.google.com/maps/place/Baig+Estate+Agency/data=!4m7!3m6!1s0x392269abbeaf945f:0x72db4fe3622486b0!8m2!3d31.4867019!4d73.1065178!16s%2Fg%2F11r9w198dk!19sChIJX5SvvqtpIjkRsIYkYuNP23I?authuser=0&hl=en&g_ep=EgoyMDI2MDkwMi4wIJJjKgBIAVAD&rclk=1
realestate in faislabad in Millat Town Pakistan,Sundar Properties,+92 300 6664125,https://www.google.com/maps/place/Sundar+Properties/data=!4m7!3m6!1s0x39226bc94982ff3b:0x8f4734708bd7bc3d!8m2!3d31.4959922!4d73.1132691!16s%2Fg%2F11s60jf5kz!19sChIJO_-CSclrIjkRPbzXi3A0R48?authuser=0&hl=en&g_ep=EgoyMDI2MDkwMi4wIJJjKgBIAVAD&rclk=1
realestate in faislabad in Millat Town Pakistan,AlHadi Estate,+92 301 8755226,https://www.google.com/maps/place/AlHadi+Estate/data=!4m7!3m6!1s0x3922695fbbe45ad1:0x94505c68a9179571!8m2!3d31.4878112!4d73.1063275!16s%2Fg%2F11k3ymxgsw!19sChIJ0Vrku19pIjkRcZUXqWhcUJQ?authuser=0&hl=en&g_ep=EgoyMDI2MDkwMi4wIJJjKgBIAVAD&rclk=1
realestate in faislabad in Millat Town Pakistan,خیالِ یار,Not Found,https://www.google.com/maps/place/%D8%AE%DB%8C%D8%A7%D9%84%D9%90+%DB%8C%D8%A7%D8%B1%E2%80%AD/data=!4m7!3m6!1s0x392269037c87186b:0x2d81df2062812dc8!8m2!3d31.4887526!4d73.1090301!16s%2Fg%2F11rstghp1q!19sChIJaxiHfANpIjkRyC2BYiDfgS0?authuser=0&hl=en&g_ep=EgoyMDI2MDkwMi4wIJJjKgBIAVAD&rclk=1
realestate in faislabad in Millat Town Pakistan,Property dealer faisalabad,+92 313 7200050,https://www.google.com/maps/place/Property+dealer+faisalabad/data=!4m7!3m6!1s0x39225d8d70b65f27:0xac592f1ce406fcc4!8m2!3d31.3517085!4d73.0624777!16s%2Fg%2F11fjmgj8dt!19sChIJJ1-2cI1dIjkRxPwG5BwvWaw?authuser=0&hl=en&g_ep=EgoyMDI2MDkwMi4wIJJjKgBIAVAD&rclk=1
realestate in faislabad in Millat Town Pakistan,"LOYAL GROUP) (REAL ESTATE, DEVELOPER'S, BUILDER'S, ARCHITECTS)",+92 300 7949119,"https://www.google.com/maps/place/LOYAL+GROUP%29+%28REAL+ESTATE,+DEVELOPER%27S,+BUILDER%27S,+ARCHITECTS%29/data=!4m7!3m6!1s0x392241e82af98711:0x396c496f35448462!8m2!3d31.5083203!4d73.0730036!16s%2Fg%2F11c12gxw_h!19sChIJEYf5KuhBIjkRYoRENW9JbDk?authuser=0&hl=en&g_ep=EgoyMDI2MDkwMi4wIJJjKgBIAVAD&rclk=1"
realestate in faislabad in Millat Town Pakistan,Malik Estate,+92 320 6560418,https://www.google.com/maps/place/Malik+Estate/data=!4m7!3m6!1s0x392269005e6bdcb3:0x28750287bd90b14c!8m2!3d31.4613845!4d73.1021487!16s%2Fg%2F11ml46x_4h!19sChIJs9xrXgBpIjkRTLGQvYcCdSg?authuser=0&hl=en&g_ep=EgoyMDI2MDkwMi4wIJJjKgBIAVAD&rclk=1
realestate in faislabad in Millat Town Pakistan,Sundar Properties,+92 300 6664125,https://www.google.com/maps/place/Sundar+Properties/data=!4m7!3m6!1s0x39226bc94982ff3b:0x8f4734708bd7bc3d!8m2!3d31.4959922!4d73.1132691!16s%2Fg%2F11s60jf5kz!19sChIJO_-CSclrIjkRPbzXi3A0R48?authuser=0&hl=en&g_ep=EgoyMDI2MDkwMi4wIJJjKgBIAVAD&rclk=1
realestate in faislabad in Millat Town Pakistan,Mian house ( real estate ),Not Found,https://www.google.com/maps/place/Mian+house+%28+real+estate+%29/data=!4m7!3m6!1s0x39226b006beaa307:0x88eda82106de3e14!8m2!3d31.4962353!4d73.106481!16s%2Fg%2F11zx0v_1q9!19sChIJB6PqawBrIjkRFD7eBiGo7Yg?authuser=0&hl=en&g_ep=EgoyMDI2MDkwMi4wIJJjKgBIAVAD&rclk=1
realestate in faislabad in Millat Town Pakistan,ArzaayPak.com: Your Real Estate Experts,+92 321 3219321,https://www.google.com/maps/place/ArzaayPak.com:+Your+Real+Estate+Experts/data=!4m7!3m6!1s0x392269e9b5d5bc29:0x47e7bc23ed23e89!8m2!3d31.4555814!4d73.1600294!16s%2Fg%2F11sdykhz6b!19sChIJKbzVtelpIjkRiT7SPsJ7fgQ?authuser=0&hl=en&g_ep=EgoyMDI2MDkwMi4wIJJjKgBIAVAD&rclk=1
realestate in faislabad in Millat Town Pakistan,Randhawa Real estate Faisalabad,+92 302 1612626,https://www.google.com/maps/place/Randhawa+Real+estate+Faisalabad/data=!4m7!3m6!1s0x392245b2b90392b1:0xff162730d45d2d0c!8m2!3d31.4571925!4d72.9716764!16s%2Fg%2F11pd0brsgs!19sChIJsZIDubJFIjkRDC1d1DAnFv8?authuser=0&hl=en&g_ep=EgoyMDI2MDkwMi4wIJJjKgBIAVAD&rclk=1
realestate in faislabad in Millat Town Pakistan,Baig Estate Agency,+92 300 4423395,https://www.google.com/maps/place/Baig+Estate+Agency/data=!4m7!3m6!1s0x392269abbeaf945f:0x72db4fe3622486b0!8m2!3d31.4867019!4d73.1065178!16s%2Fg%2F11r9w198dk!19sChIJX5SvvqtpIjkRsIYkYuNP23I?authuser=0&hl=en&g_ep=EgoyMDI2MDkwMi4wIJJjKgBIAVAD&rclk=1
realestate in faislabad in Millat Town Pakistan,Kiran Valley,Not Found,https://www.google.com/maps/place/Kiran+Valley/data=!4m7!3m6!1s0x392269955749a8fd:0x302ea426d84fadfe!8m2!3d31.4908049!4d73.1174903!16s%2Fg%2F11h7cp6pkw!19sChIJ_ahJV5VpIjkR_q1P2CakLjA?authuser=0&hl=en&g_ep=EgoyMDI2MDkwMi4wIJJjKgBIAVAD&rclk=1
realestate in faislabad in Millat Town Pakistan,Punjab Small Industrial Estate,Not Found,https://www.google.com/maps/place/Punjab+Small+Industrial+Estate/data=!4m7!3m6!1s0x3922419a64b95dff:0x568a3e4024be7a24!8m2!3d31.4996651!4d73.0533421!16s%2Fg%2F1thtm_90!19sChIJ_125ZJpBIjkRJHq-JEA-ilY?authuser=0&hl=en&g_ep=EgoyMDI2MDkwMi4wIJJjKgBIAVAD&rclk=1
realestate in faislabad in Millat Town Pakistan,MADINA ESTSTE AGENCY,+92 321 6601702,https://www.google.com/maps/place/MADINA+ESTSTE+AGENCY/data=!4m7!3m6!1s0x392269a33e33ddeb:0x95a02db052f59222!8m2!3d31.4201878!4d73.117001!16s%2Fg%2F11htyt_12k!19sChIJ690zPqNpIjkRIpL1UrAtoJU?authuser=0&hl=en&g_ep=EgoyMDI2MDkwMi4wIJJjKgBIAVAD&rclk=1
realestate in faislabad in Millat Town Pakistan,AL Meezan Real Estate,+92 300 6622098,https://www.google.com/maps/place/AL+Meezan+Real+Estate/data=!4m7!3m6!1s0x39226922b55c142f:0x5ac087523e850eef!8m2!3d31.427562!4d73.1527107!16s%2Fg%2F11s17q8zbf!19sChIJLxRctSJpIjkR7w6FPlKHwFo?authuser=0&hl=en&g_ep=EgoyMDI2MDkwMi4wIJJjKgBIAVAD&rclk=1
realestate in faislabad in Millat Town Pakistan,ABDULLAH REAL ESTATE,+92 300 6640043,https://www.google.com/maps/place/ABDULLAH+REAL+ESTATE/data=!4m7!3m6!1s0x39225d0007bb26df:0xef3a163a642bfa26!8m2!3d31.3446072!4d73.065422!16s%2Fg%2F11z6bkwrg8!19sChIJ3ya7BwBdIjkRJvorZDoWOu8?authuser=0&hl=en&g_ep=EgoyMDI2MDkwMi4wIJJjKgBIAVAD&rclk=1
realestate in faislabad in Millat Town Pakistan,University Town,Not Found,https://www.google.com/maps/place/University+Town/data=!4m7!3m6!1s0x39226a0313bb0fb1:0x7eb83ce9ad561804!8m2!3d31.4936957!4d73.0976048!16s%2Fg%2F11g8xf7pxz!19sChIJsQ-7EwNqIjkRBBhWrek8uH4?authuser=0&hl=en&g_ep=EgoyMDI2MDkwMi4wIJJjKgBIAVAD&rclk=1
realestate in faislabad in Millat Town Pakistan,MGG Real Estate & Developers,+92 307 2392732,https://www.google.com/maps/place/MGG+Real+Estate+%26+Developers/data=!4m7!3m6!1s0x392269d17e365e2d:0x493e336563c4dfb7!8m2!3d31.4268367!4d73.149734!16s%2Fg%2F11tdcn5cfq!19sChIJLV42ftFpIjkRt9_EY2UzPkk?authuser=0&hl=en&g_ep=EgoyMDI2MDkwMi4wIJJjKgBIAVAD&rclk=1
realestate in faislabad in Millat Town Pakistan,Sultan Home,Not Found,https://www.google.com/maps/place/Sultan+Home/data=!4m7!3m6!1s0x392269001bf17693:0xebad9b7aaa804843!8m2!3d31.4861853!4d73.0998583!16s%2Fg%2F11ynvcxmtp!19sChIJk3bxGwBpIjkRQ0iAqnqbres?authuser=0&hl=en&g_ep=EgoyMDI2MDkwMi4wIJJjKgBIAVAD&rclk=1
realestate in faislabad in Millat Town Pakistan,Awan House,Not Found,https://www.google.com/maps/place/Awan+House/data=!4m7!3m6!1s0x39226900681f9a4f:0xab0b4e68319a116e!8m2!3d31.4859246!4d73.1062737!16s%2Fg%2F11nr4x1zyk!19sChIJT5ofaABpIjkRbhGaMWhOC6s?authuser=0&hl=en&g_ep=EgoyMDI2MDkwMi4wIJJjKgBIAVAD&rclk=1
realestate in faislabad in Millat Town Pakistan,Real Estate,+92 314 3051272,https://www.google.com/maps/place/Real+Estate/data=!4m7!3m6!1s0x392243002c679e05:0x342e45aa6c4d1932!8m2!3d31.4432106!4d73.0451103!16s%2Fg%2F11zk79msrl!19sChIJBZ5nLABDIjkRMhlNbKpFLjQ?authuser=0&hl=en&g_ep=EgoyMDI2MDkwMi4wIJJjKgBIAVAD&rclk=1
realestate in faislabad in Millat Town Pakistan,Millat,Not Found,https://www.google.com/maps/place/Millat/data=!4m7!3m6!1s0x39226b0059bbc7d5:0xb28d19f6325b3e3a!8m2!3d31.4915328!4d73.1069828!16s%2Fg%2F11mlv0bzp3!19sChIJ1ce7WQBrIjkROj5bMvYZjbI?authuser=0&hl=en&g_ep=EgoyMDI2MDkwMi4wIJJjKgBIAVAD&rclk=1
realestate in faislabad in Millat Town Pakistan,Randhawa estate egency,+92 303 6293073,https://www.google.com/maps/place/Randhawa+estate+egency/data=!4m7!3m6!1s0x3922695a93ed8471:0x66f762d36806de9c!8m2!3d31.4486505!4d73.0975617!16s%2Fg%2F11kpqp571k!19sChIJcYTtk1ppIjkRnN4GaNNi92Y?authuser=0&hl=en&g_ep=EgoyMDI2MDkwMi4wIJJjKgBIAVAD&rclk=1
realestate in faislabad in Millat Town Pakistan,SMD Homes,+92 303 7725166,https://www.google.com/maps/place/SMD+Homes/data=!4m7!3m6!1s0x392269fecfc12a03:0x5a3c5767005b9298!8m2!3d31.4852116!4d73.0928051!16s%2Fg%2F11g6jt5hfm!19sChIJAyrBz_5pIjkRmJJbAGdXPFo?authuser=0&hl=en&g_ep=EgoyMDI2MDkwMi4wIJJjKgBIAVAD&rclk=1
realestate in faislabad in Millat Town Pakistan,Al-Noor Town Welfare Society,+92 342 0299612,https://www.google.com/maps/place/Al-Noor+Town+Welfare+Society/data=!4m7!3m6!1s0x392269f4124fbd9d:0x79f3b7c49f86695e!8m2!3d31.4859973!4d73.1070195!16s%2Fg%2F11x9x23hm!19sChIJnb1PEvRpIjkRXmmGn8S383k?authuser=0&hl=en&g_ep=EgoyMDI2MDkwMi4wIJJjKgBIAVAD&rclk=1
realestate in faislabad in Millat Town Pakistan,Kiran Valley Ghona,+92 341 3635215,https://www.google.com/maps/place/Kiran+Valley+Ghona/data=!4m7!3m6!1s0x39226b89476d35b9:0x1470998448b0c8f1!8m2!3d31.4915328!4d73.1069828!16s%2Fg%2F11hy_dlhmv!19sChIJuTVtR4lrIjkR8ciwSISZcBQ?authuser=0&hl=en&g_ep=EgoyMDI2MDkwMi4wIJJjKgBIAVAD&rclk=1
realestate in faislabad in Millat Town Pakistan,Rehman Estate Agency,+92 321 7847030,https://www.google.com/maps/place/Rehman+Estate+Agency/data=!4m7!3m6!1s0x392269f43c778821:0x612586731537b32b!8m2!3d31.4869917!4d73.1065089!16s%2Fg%2F11xmphf4v!19sChIJIYh3PPRpIjkRK7M3FXOGJWE?authuser=0&hl=en&g_ep=EgoyMDI2MDkwMi4wIJJjKgBIAVAD&rclk=1
realestate in faislabad in Millat Town Pakistan,marehman,+92 304 5534884,https://www.google.com/maps/place/marehman/data=!4m7!3m6!1s0x39226b0038f39981:0xc330323750dae91e!8m2!3d31.4950306!4d73.1067992!16s%2Fg%2F11z0vb3vvr!19sChIJgZnzOABrIjkRHunaUDcyMMM?authuser=0&hl=en&g_ep=EgoyMDI2MDkwMi4wIJJjKgBIAVAD&rclk=1
realestate in faislabad in Millat Town Pakistan,خیالِ یار,Not Found,https://www.google.com/maps/place/%D8%AE%DB%8C%D8%A7%D9%84%D9%90+%DB%8C%D8%A7%D8%B1%E2%80%AD/data=!4m7!3m6!1s0x392269037c87186b:0x2d81df2062812dc8!8m2!3d31.4887526!4d73.1090301!16s%2Fg%2F11rstghp1q!19sChIJaxiHfANpIjkRyC2BYiDfgS0?authuser=0&hl=en&g_ep=EgoyMDI2MDkwMi4wIJJjKgBIAVAD&rclk=1
realestate in faislabad in Millat Town Pakistan,Bilal's House,Not Found,https://www.google.com/maps/place/Bilal%27s+House/data=!4m7!3m6!1s0x392269001c1da1ad:0xf66c690d1c593dfc!8m2!3d31.4886171!4d73.1104188!16s%2Fg%2F11z534vmcy!19sChIJraEdHABpIjkR_D1ZHA1pbPY?authuser=0&hl=en&g_ep=EgoyMDI2MDkwMi4wIJJjKgBIAVAD&rclk=1
realestate in faislabad in Millat Town Pakistan,Shabbir jutt,Not Found,https://www.google.com/maps/place/Shabbir+jutt/data=!4m7!3m6!1s0x39226b002d86d111:0x5e7eb48c1629d8dd!8m2!3d31.4931157!4d73.1025036!16s%2Fg%2F11yl07ynrg!19sChIJEdGGLQBrIjkR3dgpFoy0fl4?authuser=0&hl=en&g_ep=EgoyMDI2MDkwMi4wIJJjKgBIAVAD&rclk=1
realestate in faislabad in Millat Town Pakistan,Al Noor Garden Milat Road,+92 300 9534124,https://www.google.com/maps/place/Al+Noor+Garden+Milat+Road/data=!4m7!3m6!1s0x39226900544ac843:0x337e9d2d9227bf8a!8m2!3d31.487024!4d73.110364!16s%2Fg%2F11ysgv20zp!19sChIJQ8hKVABpIjkRir8nki2dfjM?authuser=0&hl=en&g_ep=EgoyMDI2MDkwMi4wIJJjKgBIAVAD&rclk=1
realestate in faislabad in Millat Town Pakistan,Millat Villas,Not Found,https://www.google.com/maps/place/Millat+Villas/data=!4m7!3m6!1s0x392269001f6984d5:0x8da920f09540d2f1!8m2!3d31.4907941!4d73.1129581!16s%2Fg%2F11w9w9f25d!19sChIJ1YRpHwBpIjkR8dJAlfAgqY0?authuser=0&hl=en&g_ep=EgoyMDI2MDkwMi4wIJJjKgBIAVAD&rclk=1
realestate in faislabad in Millat Town Pakistan,AlHadi Estate,+92 301 8755226,https://www.google.com/maps/place/AlHadi+Estate/data=!4m7!3m6!1s0x3922695fbbe45ad1:0x94505c68a9179571!8m2!3d31.4878112!4d73.1063275!16s%2Fg%2F11k3ymxgsw!19sChIJ0Vrku19pIjkRcZUXqWhcUJQ?authuser=0&hl=en&g_ep=EgoyMDI2MDkwMi4wIJJjKgBIAVAD&rclk=1
realestate in faislabad in Millat Town Pakistan,Ghalib City,Not Found,https://www.google.com/maps/place/Ghalib+City/data=!4m7!3m6!1s0x3922699280819d17:0xc3a3299a5b51c488!8m2!3d31.4208163!4d73.1467672!16s%2Fg%2F11h18z3bf9!19sChIJF52BgJJpIjkRiMRRW5opo8M?authuser=0&hl=en&g_ep=EgoyMDI2MDkwMi4wIJJjKgBIAVAD&rclk=1
realestate in faislabad in Millat Town Pakistan,Citi Housing Faisalabad Samundri Road,+92 41 111 555 551,https://www.google.com/maps/place/Citi+Housing+Faisalabad+Samundri+Road/data=!4m7!3m6!1s0x39225d8ccc8b6895:0xc25ef0c2eb2d363!8m2!3d31.3232547!4d73.0783416!16s%2Fg%2F11gcq5_fkd!19sChIJlWiLzIxdIjkRY9OyLgzvJQw?authuser=0&hl=en&g_ep=EgoyMDI2MDkwMi4wIJJjKgBIAVAD&rclk=1
realestate in faislabad in Millat Town Pakistan,Rafiq Property Center,+92 301 8652391,https://www.google.com/maps/place/Rafiq+Property+Center/data=!4m7!3m6!1s0x392269628f880fcb:0x2aac50d529cfd85c!8m2!3d31.4885748!4d73.104348!16s%2Fg%2F11g__n0h2b!19sChIJyw-Ij2JpIjkRXNjPKdVQrCo?authuser=0&hl=en&g_ep=EgoyMDI2MDkwMi4wIJJjKgBIAVAD&rclk=1
realestate in faislabad in Millat Town Pakistan,Riaz sons,+92 300 7664002,https://www.google.com/maps/place/Riaz+sons/data=!4m7!3m6!1s0x39226bad2349a195:0x6972e846ef80c5a7!8m2!3d31.4930754!4d73.1011897!16s%2Fg%2F11lgy47407!19sChIJlaFJI61rIjkRp8WA70bocmk?authuser=0&hl=en&g_ep=EgoyMDI2MDkwMi4wIJJjKgBIAVAD&rclk=1
realestate in faislabad in Millat Town Pakistan,Usman Twon Milat Road Faisalabad,Not Found,https://www.google.com/maps/place/Usman+Twon+Milat+Road+Faisalabad/data=!4m7!3m6!1s0x3922691928fd6bf7:0xdd4f2bccbb33ebd6!8m2!3d31.4594268!4d73.0999115!16s%2Fg%2F11n5jsdk99!19sChIJ92v9KBlpIjkR1uszu8wrT90?authuser=0&hl=en&g_ep=EgoyMDI2MDkwMi4wIJJjKgBIAVAD&rclk=1
realestate in faislabad in Millat Town Pakistan,Faisalabad Realtors Commercial Market,+92 345 1110500,https://www.google.com/maps/place/Faisalabad+Realtors+Commercial+Market/data=!4m7!3m6!1s0x3922690e345c7827:0x2133995229290ece!8m2!3d31.4267273!4d73.1268311!16s%2Fg%2F11v0mqgwyf!19sChIJJ3hcNA5pIjkRzg4pKVKZMyE?authuser=0&hl=en&g_ep=EgoyMDI2MDkwMi4wIJJjKgBIAVAD&rclk=1
realestate in faislabad in Millat Town Pakistan,Mughal House,Not Found,https://www.google.com/maps/place/Mughal+House/data=!4m7!3m6!1s0x39226900524f551f:0xcab56dc561e9453e!8m2!3d31.4902343!4d73.1114551!16s%2Fg%2F11y_p58zc9!19sChIJH1VPUgBpIjkRPkXpYcVttco?authuser=0&hl=en&g_ep=EgoyMDI2MDkwMi4wIJJjKgBIAVAD&rclk=1
realestate in faislabad in Millat Town Pakistan,Yousaf town,Not Found,https://www.google.com/maps/place/Yousaf+town/data=!4m7!3m6!1s0x39226977be5d4519:0xba40fcc8263c712!8m2!3d31.4880944!4d73.1006942!16s%2Fg%2F11sj5gj5tt!19sChIJGUVdvndpIjkREsdjgswPpAs?authuser=0&hl=en&g_ep=EgoyMDI2MDkwMi4wIJJjKgBIAVAD&rclk=1
realestate in faislabad in Millat Town Pakistan,Al-Barkat Properties,+92 332 1707355,https://www.google.com/maps/place/Al-Barkat+Properties/data=!4m7!3m6!1s0x39226b0068ab9bef:0xc5fbada34ee0ee6b!8m2!3d31.4957041!4d73.1134762!16s%2Fg%2F11zd_sv2rj!19sChIJ75uraABrIjkRa-7gTqOt-8U?authuser=0&hl=en&g_ep=EgoyMDI2MDkwMi4wIJJjKgBIAVAD&rclk=1
realestate in faislabad in Millat Town Pakistan,Ismial green millat road faisalabad,Not Found,https://www.google.com/maps/place/Ismial+green+millat+road+faisalabad/data=!4m7!3m6!1s0x3922690015fc54e7:0xdb97847de692ee18!8m2!3d31.4902553!4d73.1067759!16s%2Fg%2F11x8r1yv06!19sChIJ51T8FQBpIjkRGO6S5n2El9s?authuser=0&hl=en&g_ep=EgoyMDI2MDkwMi4wIJJjKgBIAVAD&rclk=1
realestate in faislabad in Millat Town Pakistan,Paradise Property Dealers,+92 304 5857576,https://www.google.com/maps/place/Paradise+Property+Dealers/data=!4m7!3m6!1s0x392269190977a4db:0xf9d1b387099eddd3!8m2!3d31.4650793!4d73.1014831!16s%2Fg%2F11v3_3v06y!19sChIJ26R3CRlpIjkR092eCYez0fk?authuser=0&hl=en&g_ep=EgoyMDI2MDkwMi4wIJJjKgBIAVAD&rclk=1
realestate in faislabad in Millat Town Pakistan,Abdullah Ansari House,Not Found,https://www.google.com/maps/place/Abdullah+Ansari+House/data=!4m7!3m6!1s0x39226900645fe5bd:0xa6039af517e66ec4!8m2!3d31.4849663!4d73.1032158!16s%2Fg%2F11yyg7tpxh!19sChIJveVfZABpIjkRxG7mF_WaA6Y?authuser=0&hl=en&g_ep=EgoyMDI2MDkwMi4wIJJjKgBIAVAD&rclk=1
realestate in faislabad in Millat Town Pakistan,Green villas,+92 305 2832075,https://www.google.com/maps/place/Green+villas/data=!4m7!3m6!1s0x392269f9f0fabcd9:0x1e73d9fe7c0810c8!8m2!3d31.4710621!4d73.1029181!16s%2Fg%2F11h_3_5n1k!19sChIJ2bz68PlpIjkRyBAIfP7Zcx4?authuser=0&hl=en&g_ep=EgoyMDI2MDkwMi4wIJJjKgBIAVAD&rclk=1
realestate in faislabad in Millat Town Pakistan,B-Block Millat Town,Not Found,https://www.google.com/maps/place/B-Block+Millat+Town/data=!4m7!3m6!1s0x39226bad41d7a1db:0xe31e8a69837a55b0!8m2!3d31.4931157!4d73.1025036!16s%2Fg%2F11lljy3m3x!19sChIJ26HXQa1rIjkRsFV6g2mKHuM?authuser=0&hl=en&g_ep=EgoyMDI2MDkwMi4wIJJjKgBIAVAD&rclk=1
realestate in faislabad in Millat Town Pakistan,Sarmad Najam Home,Not Found,https://www.google.com/maps/place/Sarmad+Najam+Home/data=!4m7!3m6!1s0x392269007f6ae283:0x698701b5753d7317!8m2!3d31.4908316!4d73.1083589!16s%2Fg%2F11zh3tlv5y!19sChIJg-JqfwBpIjkRF3M9dbUBh2k?authuser=0&hl=en&g_ep=EgoyMDI2MDkwMi4wIJJjKgBIAVAD&rclk=1
realestate in faislabad in Millat Town Pakistan,M Akram House,Not Found,https://www.google.com/maps/place/M+Akram+House/data=!4m7!3m6!1s0x39226900233a0ce7:0xebeefbf181046735!8m2!3d31.4866944!4d73.101074!16s%2Fg%2F11yvhg5j2b!19sChIJ5ww6IwBpIjkRNWcEgfH77us?authuser=0&hl=en&g_ep=EgoyMDI2MDkwMi4wIJJjKgBIAVAD&rclk=1
realestate in faislabad in Millat Town Pakistan,Crystal Pakistan,+92 300 7997711,https://www.google.com/maps/place/Crystal+Pakistan/data=!4m7!3m6!1s0x61cc61445f118ee9:0xf5bcc9e4a99405ec!8m2!3d32.5270456!4d73.6706674!16s%2Fg%2F11sjzwvfm2!19sChIJ6Y4RX0RhzGER7AWUqeTJvPU?authuser=0&hl=en&g_ep=EgoyMDI2MDkwMi4wIJJjKgBIAVAD&rclk=1
realestate in faislabad in Millat Town Pakistan,Sheikh Irfan House 🏡,Not Found,https://www.google.com/maps/place/Sheikh+Irfan+House+%F0%9F%8F%A1/data=!4m7!3m6!1s0x39226b001ce2e257:0x98b451ad2668de02!8m2!3d31.495989!4d73.103749!16s%2Fg%2F11z6g1_kk4!19sChIJV-LiHABrIjkRAt5oJq1RtJg?authuser=0&hl=en&g_ep=EgoyMDI2MDkwMi4wIJJjKgBIAVAD&rclk=1
realestate in faislabad in Millat Town Pakistan,House,Not Found,https://www.google.com/maps/place/House/data=!4m7!3m6!1s0x392269005901fbbf:0x40374cb051c17c3d!8m2!3d31.4860028!4d73.1048433!16s%2Fg%2F11ym80kdsm!19sChIJv_sBWQBpIjkRPXzBUbBMN0A?authuser=0&hl=en&g_ep=EgoyMDI2MDkwMi4wIJJjKgBIAVAD&rclk=1
realestate in faislabad in Millat Town Pakistan,House No.553/A,Not Found,https://www.google.com/maps/place/House+No.553%2FA/data=!4m7!3m6!1s0x3922690004a0e0ad:0x426729a9bd8fe8c9!8m2!3d31.4860638!4d73.0971958!16s%2Fg%2F11y_05vtr0!19sChIJreCgBABpIjkRyeiPvakpZ0I?authuser=0&hl=en&g_ep=EgoyMDI2MDkwMi4wIJJjKgBIAVAD&rclk=1
realestate in faislabad in Millat Town Pakistan,Rohaan Ahmad Home,Not Found,https://www.google.com/maps/place/Rohaan+Ahmad+Home/data=!4m7!3m6!1s0x392269000326760b:0x86c34f6eeb812bb4!8m2!3d31.4878252!4d73.1069614!16s%2Fg%2F11z9qwfnn0!19sChIJC3YmAwBpIjkRtCuB625Pw4Y?authuser=0&hl=en&g_ep=EgoyMDI2MDkwMi4wIJJjKgBIAVAD&rclk=1
realestate in faislabad in Millat Town Pakistan,Jamal Real Estate,+92 300 6644004,https://www.google.com/maps/place/Jamal+Real+Estate/data=!4m7!3m6!1s0x392241facaaa7a4f:0x66cc3bfc26f28061!8m2!3d31.5091875!4d73.0708125!16s%2Fg%2F11s3clmqj5!19sChIJT3qqyvpBIjkRYYDyJvw7zGY?authuser=0&hl=en&g_ep=EgoyMDI2MDkwMi4wIJJjKgBIAVAD&rclk=1
realestate in faislabad in Millat Town Pakistan,Ziyad Real Estate,+92 300 6666905,https://www.google.com/maps/place/Ziyad+Real+Estate/data=!4m7!3m6!1s0x39226b00587fa20f:0xa7885982ac9c39a8!8m2!3d31.4913027!4d73.1058776!16s%2Fg%2F11vxmw2h0x!19sChIJD6J_WABrIjkRqDmcrIJZiKc?authuser=0&hl=en&g_ep=EgoyMDI2MDkwMi4wIJJjKgBIAVAD&rclk=1
realestate in faislabad in Millat Town Pakistan,Nazeef Rana,Not Found,https://www.google.com/maps/place/Nazeef+Rana/data=!4m7!3m6!1s0x3922690028bbb5d1:0xf6898f1c19348a2c!8m2!3d31.4844831!4d73.1046936!16s%2Fg%2F11n456wz4w!19sChIJ0bW7KABpIjkRLIo0GRyPifY?authuser=0&hl=en&g_ep=EgoyMDI2MDkwMi4wIJJjKgBIAVAD&rclk=1
realestate in faislabad in Millat Town Pakistan,Malik Aslam Real estate Developer/Advisor,Not Found,https://www.google.com/maps/place/Malik+Aslam+Real+estate+Developer%2FAdvisor/data=!4m7!3m6!1s0x3922690005db57bf:0x8708bbcf41faf2c6!8m2!3d31.4613071!4d73.1021459!16s%2Fg%2F11mlv1lbr3!19sChIJv1fbBQBpIjkRxvL6Qc-7CIc?authuser=0&hl=en&g_ep=EgoyMDI2MDkwMi4wIJJjKgBIAVAD&rclk=1
realestate in faislabad in Millat Town Pakistan,Ibrahim D-20,Not Found,https://www.google.com/maps/place/Ibrahim+D-20/data=!4m7!3m6!1s0x392269005ba91c03:0xe63d91f0062290e3!8m2!3d31.4884583!4d73.104806!16s%2Fg%2F11zbkq6b03!19sChIJAxypWwBpIjkR45AiBvCRPeY?authuser=0&hl=en&g_ep=EgoyMDI2MDkwMi4wIJJjKgBIAVAD&rclk=1
realestate in faislabad in Millat Town Pakistan,Maa G House,Not Found,https://www.google.com/maps/place/Maa+G+House/data=!4m7!3m6!1s0x392269001d48fee9:0x62fd17baa66a87f4!8m2!3d31.4880467!4d73.0976297!16s%2Fg%2F11zkmlskvt!19sChIJ6f5IHQBpIjkR9IdqproX_WI?authuser=0&hl=en&g_ep=EgoyMDI2MDkwMi4wIJJjKgBIAVAD&rclk=1
realestate in faislabad in Millat Town Pakistan,Sunder property advisor,Not Found,https://www.google.com/maps/place/Sunder+property+advisor/data=!4m7!3m6!1s0x39226b0078741171:0x197cc259bc2276d4!8m2!3d31.4960163!4d73.1132851!16s%2Fg%2F11nb4k314q!19sChIJcRF0eABrIjkR1HYivFnCfBk?authuser=0&hl=en&g_ep=EgoyMDI2MDkwMi4wIJJjKgBIAVAD&rclk=1
realestate in faislabad in Millat Town Pakistan,Sandhu House 176 C Millat Town,+92 300 8636152,https://www.google.com/maps/place/Sandhu+House+176+C+Millat+Town/data=!4m7!3m6!1s0x392269000e1fef1f:0x7b8f2122e51874b5!8m2!3d31.4881503!4d73.1010644!16s%2Fg%2F11yx4gdldw!19sChIJH-8fDgBpIjkRtXQY5SIhj3s?authuser=0&hl=en&g_ep=EgoyMDI2MDkwMi4wIJJjKgBIAVAD&rclk=1
realestate in faislabad in Millat Town Pakistan,181,Not Found,https://www.google.com/maps/place/181/data=!4m7!3m6!1s0x392269007e34e237:0xaab7a7878121592d!8m2!3d31.48891!4d73.1012944!16s%2Fg%2F11nqzp987f!19sChIJN-I0fgBpIjkRLVkhgYent6o?authuser=0&hl=en&g_ep=EgoyMDI2MDkwMi4wIJJjKgBIAVAD&rclk=1
pakwan center and retuarents in faislabad in Satyana Road Pakistan,Chiniot Pakwan Centre,Not Found,https://www.google.com/maps/place/Chiniot+Pakwan+Centre/data=!4m7!3m6!1s0x392267fcbf5b3693:0x36e4c6911bf21056!8m2!3d31.4067094!4d73.0991584!16s%2Fg%2F1jkxvy2_t!19sChIJkzZbv_xnIjkRVhDyG5HG5DY?authuser=0&hl=en&g_ep=EgoyMDI2MDkwMi4wIJJjKgBIAVAD&rclk=1
pakwan center and retuarents in faislabad in Satyana Road Pakistan,Chiniot Food Pakwan Chen One Road Near Government Baker Faisalabad,Not Found,https://www.google.com/maps/place/Chiniot+Food+Pakwan+Chen+One+Road+Near+Government+Baker+Faisalabad/data=!4m7!3m6!1s0x39226811c542493f:0x33af3308e49755ff!8m2!3d31.4125459!4d73.1041383!16s%2Fg%2F11cs1cb2lk!19sChIJP0lCxRFoIjkR_1WX5AgzrzM?authuser=0&hl=en&g_ep=EgoyMDI2MDkwMi4wIJJjKgBIAVAD&rclk=1
pakwan center and retuarents in faislabad in Satyana Road Pakistan,Pakwan Centre,+92 41 5543260,https://www.google.com/maps/place/Pakwan+Centre/data=!4m7!3m6!1s0x392268781d732795:0xd3beef415b87ccfe!8m2!3d31.4052519!4d73.1232327!16s%2Fg%2F12mkw94s_!19sChIJlSdzHXhoIjkR_syHW0HvvtM?authuser=0&hl=en&g_ep=EgoyMDI2MDkwMi4wIJJjKgBIAVAD&rclk=1
pakwan center and retuarents in faislabad in Satyana Road Pakistan,Chiniot Pakwan Chen One Road,Not Found,https://www.google.com/maps/place/Chiniot+Pakwan+Chen+One+Road/data=!4m7!3m6!1s0x3922694a98136571:0x775bbd1709e561e3!8m2!3d31.410283!4d73.1020667!16s%2Fg%2F11qbr8tc4f!19sChIJcWUTmEppIjkR42HlCRe9W3c?authuser=0&hl=en&g_ep=EgoyMDI2MDkwMi4wIJJjKgBIAVAD&rclk=1
pakwan center and retuarents in faislabad in Satyana Road Pakistan,Chiniot Pakwan Centre چنیوٹ پکوان سینٹر,Not Found,https://www.google.com/maps/place/Chiniot+Pakwan+Centre+%DA%86%D9%86%DB%8C%D9%88%D9%B9+%D9%BE%DA%A9%D9%88%D8%A7%D9%86+%D8%B3%DB%8C%D9%86%D9%B9%D8%B1%E2%80%AD/data=!4m7!3m6!1s0x392268696be78159:0x104e9a92ee0e8214!8m2!3d31.4220417!4d73.1184031!16s%2Fg%2F12mkwb54n!19sChIJWYHna2loIjkRFIIO7pKaThA?authuser=0&hl=en&g_ep=EgoyMDI2MDkwMi4wIJJjKgBIAVAD&rclk=1
pakwan center and retuarents in faislabad in Satyana Road Pakistan,Subhan Pakwan Center,+92 321 6665153,https://www.google.com/maps/place/Subhan+Pakwan+Center/data=!4m7!3m6!1s0x392243442965df3f:0x9496c273e287a6e7!8m2!3d31.4086928!4d73.0709058!16s%2Fg%2F11ssfv1szx!19sChIJP99lKURDIjkR56aH4nPClpQ?authuser=0&hl=en&g_ep=EgoyMDI2MDkwMi4wIJJjKgBIAVAD&rclk=1
pakwan center and retuarents in faislabad in Satyana Road Pakistan,Chiniot Pakwan center,Not Found,https://www.google.com/maps/place/Chiniot+Pakwan+center/data=!4m7!3m6!1s0x39225d0064078887:0x10f3657c634c5392!8m2!3d31.3910445!4d73.0714279!16s%2Fg%2F11x_69qsnn!19sChIJh4gHZABdIjkRklNMY3xl8xA?authuser=0&hl=en&g_ep=EgoyMDI2MDkwMi4wIJJjKgBIAVAD&rclk=1
pakwan center and retuarents in faislabad in Satyana Road Pakistan,Chiniot Pakwan Center,+92 300 8969674,https://www.google.com/maps/place/Chiniot+Pakwan+Center/data=!4m7!3m6!1s0x392243006526e699:0x9781e55416213fce!8m2!3d31.4573631!4d73.0748732!16s%2Fg%2F11wr440ccp!19sChIJmeYmZQBDIjkRzj8hFlTlgZc?authuser=0&hl=en&g_ep=EgoyMDI2MDkwMi4wIJJjKgBIAVAD&rclk=1
pakwan center and retuarents in faislabad in Satyana Road Pakistan,Ayan chiniot pakwan center faisalabad,+92 309 2588810,https://www.google.com/maps/place/Ayan+chiniot+pakwan+center+faisalabad/data=!4m7!3m6!1s0x392269c26b3ec099:0xce7e7718332a4594!8m2!3d31.4471872!4d73.1584045!16s%2Fg%2F11vcn9v7g2!19sChIJmcA-a8JpIjkRlEUqMxh3fs4?authuser=0&hl=en&g_ep=EgoyMDI2MDkwMi4wIJJjKgBIAVAD&rclk=1
pakwan center and retuarents in faislabad in Satyana Road Pakistan,Super Chiniot Pakwan Center,+92 322 7821778,https://www.google.com/maps/place/Super+Chiniot+Pakwan+Center/data=!4m7!3m6!1s0x3922690c01071111:0x76e70d38a9584809!8m2!3d31.4223278!4d73.1327721!16s%2Fg%2F11sb9lyvqx!19sChIJEREHAQxpIjkRCUhYqTgN53Y?authuser=0&hl=en&g_ep=EgoyMDI2MDkwMi4wIJJjKgBIAVAD&rclk=1
pakwan center and retuarents in faislabad in Satyana Road Pakistan,Kashmiri Pakwan,+92 344 4477448,https://www.google.com/maps/place/Kashmiri+Pakwan/data=!4m7!3m6!1s0x392269bb80051d43:0x582d8e39c6e56093!8m2!3d31.4111875!4d73.1030625!16s%2Fg%2F11w8q33kyl!19sChIJQx0FgLtpIjkRk2DlxjmOLVg?authuser=0&hl=en&g_ep=EgoyMDI2MDkwMi4wIJJjKgBIAVAD&rclk=1
pakwan center and retuarents in faislabad in Satyana Road Pakistan,Shahzaib pakwan center,+92 301 7193147,https://www.google.com/maps/place/Shahzaib+pakwan+center/data=!4m7!3m6!1s0x3922671d7518a541:0x5002dbbdcc49d9d2!8m2!3d31.3908846!4d73.1049384!16s%2Fg%2F11pg7fg_4y!19sChIJQaUYdR1nIjkR0tlJzL3bAlA?authuser=0&hl=en&g_ep=EgoyMDI2MDkwMi4wIJJjKgBIAVAD&rclk=1
pakwan center and retuarents in faislabad in Satyana Road Pakistan,Mustafai Pakwan Center,+92 300 6646879,https://www.google.com/maps/place/Mustafai+Pakwan+Center/data=!4m7!3m6!1s0x39226831e9cf0425:0xad411f5ddac70210!8m2!3d31.4394244!4d73.0995559!16s%2Fg%2F11c586zrm7!19sChIJJQTP6TFoIjkREALH2l0fQa0?authuser=0&hl=en&g_ep=EgoyMDI2MDkwMi4wIJJjKgBIAVAD&rclk=1
pakwan center and retuarents in faislabad in Satyana Road Pakistan,Punjab Pakwan Center,+92 305 6443314,https://www.google.com/maps/place/Punjab+Pakwan+Center/data=!4m7!3m6!1s0x39226900763cc513:0x9f103393edab6924!8m2!3d31.4364331!4d73.140945!16s%2Fg%2F11lcysk3qg!19sChIJE8U8dgBpIjkRJGmr7ZMzEJ8?authuser=0&hl=en&g_ep=EgoyMDI2MDkwMi4wIJJjKgBIAVAD&rclk=1
pakwan center and retuarents in faislabad in Satyana Road Pakistan,HAIDERY PAKWAN CENTER & CATERING SERVICES,+92 303 8901490,https://www.google.com/maps/place/HAIDERY+PAKWAN+CENTER+%26+CATERING+SERVICES/data=!4m7!3m6!1s0x392243ddc9507449:0x41c8204245f63866!8m2!3d31.4386457!4d73.0404275!16s%2Fg%2F11q8gb3frz!19sChIJSXRQyd1DIjkRZjj2RUIgyEE?authuser=0&hl=en&g_ep=EgoyMDI2MDkwMi4wIJJjKgBIAVAD&rclk=1
pakwan center and retuarents in faislabad in Satyana Road Pakistan,Abdullah Pakwan Center,+92 306 7021737,https://www.google.com/maps/place/Abdullah+Pakwan+Center/data=!4m7!3m6!1s0x39225d7a9e48aa67:0x15590da79948a269!8m2!3d31.3683569!4d73.0655116!16s%2Fg%2F11sgyy6gyw!19sChIJZ6pInnpdIjkRaaJImacNWRU?authuser=0&hl=en&g_ep=EgoyMDI2MDkwMi4wIJJjKgBIAVAD&rclk=1
pakwan center and retuarents in faislabad in Satyana Road Pakistan,Lyallpur Pakwan Centre,Not Found,https://www.google.com/maps/place/Lyallpur+Pakwan+Centre/data=!4m7!3m6!1s0x392267db4d453417:0x22bd5cfa16599523!8m2!3d31.3926267!4d73.1180144!16s%2Fg%2F12mkzk3fb!19sChIJFzRFTdtnIjkRI5VZFvpcvSI?authuser=0&hl=en&g_ep=EgoyMDI2MDkwMi4wIJJjKgBIAVAD&rclk=1
pakwan center and retuarents in faislabad in Satyana Road Pakistan,HAIDERY PAKWAN CENTER,+92 303 8901490,https://www.google.com/maps/place/HAIDERY+PAKWAN+CENTER/data=!4m7!3m6!1s0x3922435953d090ab:0x724e128944d6a5d2!8m2!3d31.4258474!4d73.0643471!16s%2Fg%2F11q8g9_ryy!19sChIJq5DQU1lDIjkR0qXWRIkSTnI?authuser=0&hl=en&g_ep=EgoyMDI2MDkwMi4wIJJjKgBIAVAD&rclk=1
pakwan center and retuarents in faislabad in Satyana Road Pakistan,Jani pakwan center,Not Found,https://www.google.com/maps/place/Jani+pakwan+center/data=!4m7!3m6!1s0x39224592e2f70201:0x98e29f82fe7f2d90!8m2!3d31.4552326!4d73.0804424!16s%2Fg%2F11vc0s7zn8!19sChIJAQL34pJFIjkRkC1__oKf4pg?authuser=0&hl=en&g_ep=EgoyMDI2MDkwMi4wIJJjKgBIAVAD&rclk=1
pakwan center and retuarents in faislabad in Satyana Road Pakistan,AA PAKWAN CENTRE,Not Found,https://www.google.com/maps/place/AA+PAKWAN+CENTRE/data=!4m7!3m6!1s0x3922434ac851f377:0x24be4d3731ed153f!8m2!3d31.3827351!4d73.0573517!16s%2Fg%2F11gmgw1w96!19sChIJd_NRyEpDIjkRPxXtMTdNviQ?authuser=0&hl=en&g_ep=EgoyMDI2MDkwMi4wIJJjKgBIAVAD&rclk=1
pakwan center and retuarents in faislabad in Satyana Road Pakistan,صوفی ناشتہ پوائنٹ اینڈ پکوان سینٹر,+92 307 7910962,https://www.google.com/maps/place/%D8%B5%D9%88%D9%81%DB%8C+%D9%86%D8%A7%D8%B4%D8%AA%DB%81+%D9%BE%D9%88%D8%A7%D8%A6%D9%86%D9%B9+%D8%A7%DB%8C%D9%86%DA%88+%D9%BE%DA%A9%D9%88%D8%A7%D9%86+%D8%B3%DB%8C%D9%86%D9%B9%D8%B1%E2%80%AD/data=!4m7!3m6!1s0x392269917250f6d5:0xc5d784c174adbe6b!8m2!3d31.458983!4d73.1385321!16s%2Fg%2F11x02j2s4c!19sChIJ1fZQcpFpIjkRa76tdMGE18U?authuser=0&hl=en&g_ep=EgoyMDI2MDkwMi4wIJJjKgBIAVAD&rclk=1
pakwan center and retuarents in faislabad in Satyana Road Pakistan,Pak Verowall Pakwan,+92 339 2920003,https://www.google.com/maps/place/Pak+Verowall+Pakwan/data=!4m7!3m6!1s0x3922429575d8ee81:0xf38ec9498b44923e!8m2!3d31.4200497!4d73.0669708!16s%2Fg%2F1vcq5_gt!19sChIJge7YdZVCIjkRPpJEi0nJjvM?authuser=0&hl=en&g_ep=EgoyMDI2MDkwMi4wIJJjKgBIAVAD&rclk=1
pakwan center and retuarents in faislabad in Satyana Road Pakistan,Khayyam,+92 306 1636345,https://www.google.com/maps/place/Khayyam/data=!4m7!3m6!1s0x39224282d53685cd:0x933a703cfc2f6763!8m2!3d31.4330541!4d73.0839095!16s%2Fg%2F11cn8sf660!19sChIJzYU21YJCIjkRY2cv_DxwOpM?authuser=0&hl=en&g_ep=EgoyMDI2MDkwMi4wIJJjKgBIAVAD&rclk=1
pakwan center and retuarents in faislabad in Satyana Road Pakistan,Karachi pakwan and restaurant,+92 328 7000258,https://www.google.com/maps/place/Karachi+pakwan+and+restaurant/data=!4m7!3m6!1s0x39224362d19d6601:0xc2f3466c98e63c2a!8m2!3d31.4493435!4d73.0783284!16s%2Fg%2F11v5g1hqg2!19sChIJAWad0WJDIjkRKjzmmGxG88I?authuser=0&hl=en&g_ep=EgoyMDI2MDkwMi4wIJJjKgBIAVAD&rclk=1
pakwan center and retuarents in faislabad in Satyana Road Pakistan,Khayyam- The Food Pavilion,+92 301 2266642,https://www.google.com/maps/place/Khayyam-+The+Food+Pavilion/data=!4m7!3m6!1s0x392269006e20665d:0x38a71a07d3d5c9a6!8m2!3d31.4563229!4d73.16226!16s%2Fg%2F11wqqk37jq!19sChIJXWYgbgBpIjkRpsnV0wcapzg?authuser=0&hl=en&g_ep=EgoyMDI2MDkwMi4wIJJjKgBIAVAD&rclk=1
pakwan center and retuarents in faislabad in Satyana Road Pakistan,Pakwans (Home Chef),Not Found,https://www.google.com/maps/place/Pakwans+%28Home+Chef%29/data=!4m7!3m6!1s0x3922697d3ed49e55:0x688c9aeca6a1df22!8m2!3d31.4361476!4d73.1218354!16s%2Fg%2F11fwfw8lcr!19sChIJVZ7UPn1pIjkRIt-hpuyajGg?authuser=0&hl=en&g_ep=EgoyMDI2MDkwMi4wIJJjKgBIAVAD&rclk=1
Property Dealers in Pakistan,Elegant Properties | DHA Property Dealer & Lahore Real Estate,Not Found,https://www.google.com/maps/place/Elegant+Properties+%7C+DHA+Property+Dealer+%26+Lahore+Real+Estate/data=!4m7!3m6!1s0x391909f43a9f23c3:0x86dc857a56053f6e!8m2!3d31.5009983!4d74.4274991!16s%2Fg%2F11t1scp5zm!19sChIJwyOfOvQJGTkRbj8FVnqF3IY?authuser=0&hl=en&g_ep=EgoyMDI2MDkwMi4wIJJjKgBIAVAD&rclk=1
Property Dealers in Pakistan,Chiniot Motors & Property Dealer,Not Found,https://www.google.com/maps/place/Chiniot+Motors+%26+Property+Dealer/data=!4m7!3m6!1s0x39223b5fd3ac49b5:0x692bcdf63149a694!8m2!3d31.7192703!4d72.9905617!16s%2Fg%2F11xf9zc45!19sChIJtUms0187IjkRlKZJMfbNK2k?authuser=0&hl=en&g_ep=EgoyMDI2MDkwMi4wIJJjKgBIAVAD&rclk=1
Property Dealers in Pakistan,Pakistan Property Services,+92 321 1112508,https://www.google.com/maps/place/Pakistan+Property+Services/data=!4m7!3m6!1s0x3918ffef8b8b6a0f:0x1d0ee3dc93dad3ab!8m2!3d31.3712194!4d74.1855851!16s%2Fg%2F11m83_njj5!19sChIJD2qLi-__GDkRq9Pak9zjDh0?authuser=0&hl=en&g_ep=EgoyMDI2MDkwMi4wIJJjKgBIAVAD&rclk=1
Property Dealers in Pakistan,Ghumman Estate,+92 348 4111110,https://www.google.com/maps/place/Ghumman+Estate/data=!4m7!3m6!1s0x391901ef2df1d423:0x86c4c15a576dae5c!8m2!3d31.4471266!4d74.2329131!16s%2Fg%2F11gbxcwq8p!19sChIJI9TxLe8BGTkRXK5tV1rBxIY?authuser=0&hl=en&g_ep=EgoyMDI2MDkwMi4wIJJjKgBIAVAD&rclk=1
Property Dealers in Pakistan,Star Real Estate & Property Dealer,+92 333 8122015,https://www.google.com/maps/place/Star+Real+Estate+%26+Property+Dealer/data=!4m7!3m6!1s0x391f290051a0d33f:0x75d2f5af6cb10659!8m2!3d32.2099494!4d74.2139934!16s%2Fg%2F11ynkd5q6v!19sChIJP9OgUQApHzkRWQaxbK_10nU?authuser=0&hl=en&g_ep=EgoyMDI2MDkwMi4wIJJjKgBIAVAD&rclk=1
Property Dealers in Pakistan,Consult N Deal,+92 321 7779777,https://www.google.com/maps/place/Consult+N+Deal/data=!4m7!3m6!1s0x3919aa9390a6cf91:0x7213147c078986d4!8m2!3d31.3529931!4d74.2493187!16s%2Fg%2F11c2kk62_t!19sChIJkc-mkJOqGTkR1IaJB3wUE3I?authuser=0&hl=en&g_ep=EgoyMDI2MDkwMi4wIJJjKgBIAVAD&rclk=1
Property Dealers in Pakistan,Real Estate With Auns Ali,+971 56 374 8959,https://www.google.com/maps/place/Real+Estate+With+Auns+Ali/data=!4m7!3m6!1s0x38dfe9c3061409ff:0xff8478cae52be212!8m2!3d33.6026903!4d73.1594566!16s%2Fg%2F11mww8sgkg!19sChIJ_wkUBsPp3zgREuIr5cp4hP8?authuser=0&hl=en&g_ep=EgoyMDI2MDkwMi4wIJJjKgBIAVAD&rclk=1
Property Dealers in Pakistan,LandMark Real Estate & Developers Faisalabad | Property Dealers,+92 301 7078008,https://www.google.com/maps/place/LandMark+Real+Estate+%26+Developers+Faisalabad+%7C+Property+Dealers/data=!4m7!3m6!1s0x392269b74827fe23:0x264ce9001ce5291c!8m2!3d31.4337523!4d73.1430955!16s%2Fg%2F11q7f1_274!19sChIJI_4nSLdpIjkRHCnlHADpTCY?authuser=0&hl=en&g_ep=EgoyMDI2MDkwMi4wIJJjKgBIAVAD&rclk=1
Property Dealers in Pakistan,Ramzan Property Dealer,+92 322 4499343,https://www.google.com/maps/place/Ramzan+Property+Dealer/data=!4m7!3m6!1s0x391901614ccc0ebd:0x90dbef3a03430925!8m2!3d31.4610781!4d74.2836304!16s%2Fg%2F11xyfpnl8!19sChIJvQ7MTGEBGTkRJQlDAzrv25A?authuser=0&hl=en&g_ep=EgoyMDI2MDkwMi4wIJJjKgBIAVAD&rclk=1
Property Dealers in Pakistan,Property dealer faisalabad,+92 313 7200050,https://www.google.com/maps/place/Property+dealer+faisalabad/data=!4m7!3m6!1s0x39225d8d70b65f27:0xac592f1ce406fcc4!8m2!3d31.3517085!4d73.0624777!16s%2Fg%2F11fjmgj8dt!19sChIJJ1-2cI1dIjkRxPwG5BwvWaw?authuser=0&hl=en&g_ep=EgoyMDI2MDkwMi4wIJJjKgBIAVAD&rclk=1
Property Dealers in Pakistan,Abu Huzaifa Real Estate,+92 323 8858091,https://www.google.com/maps/place/Abu+Huzaifa+Real+Estate/data=!4m7!3m6!1s0x391901afd7b126cf:0x14134dfbcb058f62!8m2!3d31.4435088!4d74.2830981!16s%2Fg%2F11fk538hb2!19sChIJzyax168BGTkRYo8Fy_tNExQ?authuser=0&hl=en&g_ep=EgoyMDI2MDkwMi4wIJJjKgBIAVAD&rclk=1
Property Dealers in Pakistan,Awan Real Estate & Property Dealer,+92 319 4955091,https://www.google.com/maps/place/Awan+Real+Estate+%26+Property+Dealer/data=!4m7!3m6!1s0x575ba1f26a79ccd:0x1dc7c9c433d03a68!8m2!3d31.5999909!4d74.3870558!16s%2Fg%2F11zh0xvhrs!19sChIJzZynJh-6dQURaDrQM8TJxx0?authuser=0&hl=en&g_ep=EgoyMDI2MDkwMi4wIJJjKgBIAVAD&rclk=1
Property Dealers in Pakistan,Bahria Town Property Dealers - Real Estate Consultant,+92 300 8464794,https://www.google.com/maps/place/Bahria+Town+Property+Dealers+-+Real+Estate+Consultant/data=!4m7!3m6!1s0x391855003f31c059:0x47da1d4453c4f172!8m2!3d31.3592544!4d74.1868111!16s%2Fg%2F11whzhhx17!19sChIJWcAxPwBVGDkRcvHEU0Qd2kc?authuser=0&hl=en&g_ep=EgoyMDI2MDkwMi4wIJJjKgBIAVAD&rclk=1
Property Dealers in Pakistan,GRACE Properties wapda city Faisalabad,+92 300 7987660,https://www.google.com/maps/place/GRACE+Properties+wapda+city+Faisalabad/data=!4m7!3m6!1s0x39226ffe196b589b:0xb608bfc3ee395291!8m2!3d31.4999519!4d73.2188574!16s%2Fg%2F11j1l3s2gm!19sChIJm1hrGf5vIjkRkVI57sO_CLY?authuser=0&hl=en&g_ep=EgoyMDI2MDkwMi4wIJJjKgBIAVAD&rclk=1
Property Dealers in Pakistan,PROPERTY INN (PVT) LTD,+92 323 0044117,https://www.google.com/maps/place/PROPERTY+INN+%28PVT%29+LTD/data=!4m7!3m6!1s0x391901b2d16a6eaf:0x10342100d3c5bc5!8m2!3d31.3574481!4d74.1851222!16s%2Fg%2F11g1sdtgwz!19sChIJr25q0bIBGTkRxVs8DRBCAwE?authuser=0&hl=en&g_ep=EgoyMDI2MDkwMi4wIJJjKgBIAVAD&rclk=1
Property Dealers in Pakistan,Faisalabad Property Dealer,+92 300 7009406,https://www.google.com/maps/place/Faisalabad+Property+Dealer/data=!4m7!3m6!1s0x39224339013ed9dd:0xa24eefe035511fd8!8m2!3d31.4571032!4d73.083312!16s%2Fg%2F11ptvh1bb0!19sChIJ3dk-ATlDIjkR2B9RNeDvTqI?authuser=0&hl=en&g_ep=EgoyMDI2MDkwMi4wIJJjKgBIAVAD&rclk=1
Property Dealers in Pakistan,Sarfraz Property Dealer-Sheikhupora PAKISTAN,+92 321 9414004,https://www.google.com/maps/place/Sarfraz+Property+Dealer-Sheikhupora+PAKISTAN/data=!4m7!3m6!1s0x3918c3e46aeda0fd:0x47d34258e3c1ab52!8m2!3d31.7109674!4d73.9805088!16s%2Fg%2F11pzrn56s6!19sChIJ_aDtauTDGDkRUqvB41hC00c?authuser=0&hl=en&g_ep=EgoyMDI2MDkwMi4wIJJjKgBIAVAD&rclk=1
Property Dealers in Pakistan,Lodhi Real Estate,+92 333 5574103,https://www.google.com/maps/place/Lodhi+Real+Estate/data=!4m7!3m6!1s0x3919037d58d44227:0xeed37f0f1976ebc6!8m2!3d31.4699857!4d74.2607139!16s%2Fg%2F11fnr7khtz!19sChIJJ0LUWH0DGTkRxut2GQ9_0-4?authuser=0&hl=en&g_ep=EgoyMDI2MDkwMi4wIJJjKgBIAVAD&rclk=1
Property Dealers in Pakistan,BEST PROPERTY DEALER,Not Found,https://www.google.com/maps/place/BEST+PROPERTY+DEALER/data=!4m7!3m6!1s0x3eb33f17dab93621:0x2ea6233c154497ea!8m2!3d24.893542!4d67.0545334!16s%2Fg%2F11fswkh580!19sChIJITa52hc_sz4R6pdEFTwjpi4?authuser=0&hl=en&g_ep=EgoyMDI2MDkwMi4wIJJjKgBIAVAD&rclk=1
Property Dealers in Pakistan,Sultan Hamid | Best Property Dealer In Citi Housing Sialkot,+92 337 7904675,https://www.google.com/maps/place/Sultan+Hamid+%7C+Best+Property+Dealer+In+Citi+Housing+Sialkot/data=!4m7!3m6!1s0x391ec3ac4aa0b02f:0xc2ce9969ffc72e5a!8m2!3d32.4126602!4d74.4775215!16s%2Fg%2F11tfdvhsmt!19sChIJL7CgSqzDHjkRWi7H_2mZzsI?authuser=0&hl=en&g_ep=EgoyMDI2MDkwMi4wIJJjKgBIAVAD&rclk=1
Property Dealers in Pakistan,BEST PROPERTY DEALER,Not Found,https://www.google.com/maps/place/BEST+PROPERTY+DEALER/data=!4m7!3m6!1s0x3eb33f17dab93621:0x2ea6233c154497ea!8m2!3d24.893542!4d67.0545334!16s%2Fg%2F11fswkh580!19sChIJITa52hc_sz4R6pdEFTwjpi4?authuser=0&hl=en&g_ep=EgoyMDI2MDkwMi4wIJJjKgBIAVAD&rclk=1
Property Dealers in Pakistan,PK Real Estate,+92 312 4334000,https://www.google.com/maps/place/PK+Real+Estate/data=!4m7!3m6!1s0x38dfedb036f5ab4d:0x57723bb924526734!8m2!3d33.5257285!4d73.1124424!16s%2Fg%2F11tjxbshdc!19sChIJTav1NrDt3zgRNGdSJLk7clc?authuser=0&hl=en&g_ep=EgoyMDI2MDkwMi4wIJJjKgBIAVAD&rclk=1
Property Dealers in Pakistan,Shakrial & Co. Estate and Builders,+92 300 5011917,https://www.google.com/maps/place/Shakrial+%26+Co.+Estate+and+Builders/data=!4m7!3m6!1s0x38df97be3813699b:0x86c0a4b72f07088!8m2!3d33.6355473!4d72.9237941!16s%2Fg%2F11b6slr2t_!19sChIJm2kTOL6X3zgRiHDwcksKbAg?authuser=0&hl=en&g_ep=EgoyMDI2MDkwMi4wIJJjKgBIAVAD&rclk=1
Property Dealers in Pakistan,Consult N Deal,+92 321 7779777,https://www.google.com/maps/place/Consult+N+Deal/data=!4m7!3m6!1s0x3919aa9390a6cf91:0x7213147c078986d4!8m2!3d31.3529931!4d74.2493187!16s%2Fg%2F11c2kk62_t!19sChIJkc-mkJOqGTkR1IaJB3wUE3I?authuser=0&hl=en&g_ep=EgoyMDI2MDkwMi4wIJJjKgBIAVAD&rclk=1
Property Dealers in Pakistan,Top Value Associates | Best Property Dealers,+92 336 5221225,https://www.google.com/maps/place/Top+Value+Associates+%7C+Best+Property+Dealers/data=!4m7!3m6!1s0x38dfbd468fd145c7:0x8069dfe38ac0e448!8m2!3d33.6846253!4d72.9863775!16s%2Fg%2F11vwjywm17!19sChIJx0XRj0a93zgRSOTAiuPfaYA?authuser=0&hl=en&g_ep=EgoyMDI2MDkwMi4wIJJjKgBIAVAD&rclk=1
Property Dealers in Pakistan,About Pakistan Properties,+92 333 1557130,https://www.google.com/maps/place/About+Pakistan+Properties/data=!4m7!3m6!1s0x38df930455b048bd:0x636c5038551816d9!8m2!3d33.5916388!4d73.0614051!16s%2Fg%2F11r9vvmg6_!19sChIJvUiwVQST3zgR2RYYVThQbGM?authuser=0&hl=en&g_ep=EgoyMDI2MDkwMi4wIJJjKgBIAVAD&rclk=1
Property Dealers in Pakistan,Al Falah Real Estate Marketing,+92 306 5448876,https://www.google.com/maps/place/Al+Falah+Real+Estate+Marketing/data=!4m7!3m6!1s0x38dfeb75f5b2c9b3:0x7a574ee755714cab!8m2!3d33.6265724!4d73.1198126!16s%2Fg%2F11fl7q7w6j!19sChIJs8my9XXr3zgRq0xxVedOV3o?authuser=0&hl=en&g_ep=EgoyMDI2MDkwMi4wIJJjKgBIAVAD&rclk=1
Property Dealers in Pakistan,RealtorOnline,+92 314 3334990,https://www.google.com/maps/place/RealtorOnline/data=!4m7!3m6!1s0x3eb339b007020da5:0x2c1cc2b942cfc591!8m2!3d24.9081707!4d67.0830259!16s%2Fg%2F11ny34qzym!19sChIJpQ0CB7A5sz4RkcXPQrnCHCw?authuser=0&hl=en&g_ep=EgoyMDI2MDkwMi4wIJJjKgBIAVAD&rclk=1
Property Dealers in Pakistan,Lodhi Real Estate,+92 333 5574103,https://www.google.com/maps/place/Lodhi+Real+Estate/data=!4m7!3m6!1s0x3919037d58d44227:0xeed37f0f1976ebc6!8m2!3d31.4699857!4d74.2607139!16s%2Fg%2F11fnr7khtz!19sChIJJ0LUWH0DGTkRxut2GQ9_0-4?authuser=0&hl=en&g_ep=EgoyMDI2MDkwMi4wIJJjKgBIAVAD&rclk=1
Property Dealers in Pakistan,"Trust Property Real Estate Agency (shalimar smart city,Trust plaza)))",+92 345 8606682,"https://www.google.com/maps/place/Trust+Property+Real+Estate+Agency+%28shalimar+smart+city,Trust+plaza%29%29%29/data=!4m7!3m6!1s0x392177a60a430ad5:0x86dfd508c956533c!8m2!3d32.0821531!4d72.6679643!16s%2Fg%2F12mkzj338!19sChIJ1QpDCqZ3ITkRPFNWyQjV34Y?authuser=0&hl=en&g_ep=EgoyMDI2MDkwMi4wIJJjKgBIAVAD&rclk=1"
Property Dealers in Pakistan,Ajlal Estate,+92 300 8667640,https://www.google.com/maps/place/Ajlal+Estate/data=!4m7!3m6!1s0x392268933886a20d:0x4b22a7e4bc354b40!8m2!3d31.4416395!4d73.1525599!16s%2Fg%2F11c3mrjl77!19sChIJDaKGOJNoIjkRQEs1vOSnIks?authuser=0&hl=en&g_ep=EgoyMDI2MDkwMi4wIJJjKgBIAVAD&rclk=1
Property Dealers in Pakistan,Akhtar Property Dealers,+92 321 9655504,https://www.google.com/maps/place/Akhtar+Property+Dealers/data=!4m7!3m6!1s0x3922680b797d70f3:0xc639a2a25f965c66!8m2!3d31.4076705!4d73.1087516!16s%2Fg%2F1tfkjkkk!19sChIJ83B9eQtoIjkRZlyWX6KiOcY?authuser=0&hl=en&g_ep=EgoyMDI2MDkwMi4wIJJjKgBIAVAD&rclk=1
Property Dealers in Pakistan,"Best Real Estate in DHA Karachi, Sadaf Estate",+92 321 1008786,"https://www.google.com/maps/place/Best+Real+Estate+in+DHA+Karachi,+Sadaf+Estate/data=!4m7!3m6!1s0x3eb33dee3d155789:0x941d076afad3fad1!8m2!3d24.792286!4d67.0646371!16s%2Fg%2F11fl0q8k_1!19sChIJiVcVPe49sz4R0frT-moHHZQ?authuser=0&hl=en&g_ep=EgoyMDI2MDkwMi4wIJJjKgBIAVAD&rclk=1"
Property Dealers in Pakistan,Titanium Agency Pvt. Ltd.,+92 42 37898881,https://www.google.com/maps/place/Titanium+Agency+Pvt.+Ltd./data=!4m7!3m6!1s0x3918ffe8d5c16eef:0x381190b56cf8deae!8m2!3d31.3765986!4d74.1848938!16s%2Fg%2F11p5p5th1r!19sChIJ727B1ej_GDkRrt74bLWQETg?authuser=0&hl=en&g_ep=EgoyMDI2MDkwMi4wIJJjKgBIAVAD&rclk=1
Property Dealers in Pakistan,Madni Real Estate || Best Real Estate Agency In Faisalabad,+92 301 6044097,https://www.google.com/maps/place/Madni+Real+Estate+%7C%7C+Best+Real+Estate+Agency+In+Faisalabad/data=!4m7!3m6!1s0x39226941c3501b8f:0x6afa8d38c23d7366!8m2!3d31.4095935!4d73.0976212!16s%2Fg%2F11twq4dn12!19sChIJjxtQw0FpIjkRZnM9wjiN-mo?authuser=0&hl=en&g_ep=EgoyMDI2MDkwMi4wIJJjKgBIAVAD&rclk=1
Property Dealers in Pakistan,Land Master,+92 322 4390728,https://www.google.com/maps/place/Land+Master/data=!4m7!3m6!1s0x83304544aaa73b45:0x4dc8832a03594458!8m2!3d31.3639456!4d74.1860804!16s%2Fg%2F11lnt3g73n!19sChIJRTunqkRFMIMRWERZAyqDyE0?authuser=0&hl=en&g_ep=EgoyMDI2MDkwMi4wIJJjKgBIAVAD&rclk=1
Property Dealers in Pakistan,Faiz Rasool Property Dealer,+92 300 4916541,https://www.google.com/maps/place/Faiz+Rasool+Property+Dealer/data=!4m7!3m6!1s0x39191df503c7ebc9:0xeba06875a5f1277c!8m2!3d31.6409086!4d74.2873423!16s%2Fg%2F11z4v73386!19sChIJyevHA_UdGTkRfCfxpXVooOs?authuser=0&hl=en&g_ep=EgoyMDI2MDkwMi4wIJJjKgBIAVAD&rclk=1
Property Dealers in Pakistan,Experts Estate,+92 321 7422722,https://www.google.com/maps/place/Experts+Estate/data=!4m7!3m6!1s0x3918d53542356393:0x99beaa81ff7d2581!8m2!3d32.1299495!4d74.2124588!16s%2Fg%2F11g9djsk3z!19sChIJk2M1QjXVGDkRgSV9_4Gqvpk?authuser=0&hl=en&g_ep=EgoyMDI2MDkwMi4wIJJjKgBIAVAD&rclk=1
Property Dealers in Pakistan,Property Guy's,+92 337 8390786,https://www.google.com/maps/place/Property+Guy%27s/data=!4m7!3m6!1s0x38dfedd58450669f:0xe1542aa6896335aa!8m2!3d33.5037505!4d73.0957584!16s%2Fg%2F11zh14qtcx!19sChIJn2ZQhNXt3zgRqjVjiaYqVOE?authuser=0&hl=en&g_ep=EgoyMDI2MDkwMi4wIJJjKgBIAVAD&rclk=1
Property Dealers in Pakistan,Sultan Hamid | Best Property Dealer In Citi Housing Sialkot,+92 337 7904675,https://www.google.com/maps/place/Sultan+Hamid+%7C+Best+Property+Dealer+In+Citi+Housing+Sialkot/data=!4m7!3m6!1s0x391ec3ac4aa0b02f:0xc2ce9969ffc72e5a!8m2!3d32.4126602!4d74.4775215!16s%2Fg%2F11tfdvhsmt!19sChIJL7CgSqzDHjkRWi7H_2mZzsI?authuser=0&hl=en&g_ep=EgoyMDI2MDkwMi4wIJJjKgBIAVAD&rclk=1
Real Estate Marketing in Pakistan,HOPE Marketing - Pakistan Best Real Estate Consultant,Not Found,https://www.google.com/maps/place/HOPE+Marketing+-+Pakistan+Best+Real+Estate+Consultant/data=!4m7!3m6!1s0x38dfed842002e75b:0xc23d6205e716ecd3!8m2!3d33.5354627!4d73.1120469!16s%2Fg%2F11kz6hxtzr!19sChIJW-cCIITt3zgR0-wW5wViPcI?authuser=0&hl=en&g_ep=EgoyMDI2MDkwMi4wIJJjKgBIAVAD&rclk=1
Real Estate Marketing in Pakistan,Universal Marketing Inc.,+92 301 9208146,https://www.google.com/maps/place/Universal+Marketing+Inc./data=!4m7!3m6!1s0x39190751c83c342f:0x429c439fada2e98a!8m2!3d31.4642378!4d74.3148314!16s%2Fg%2F11rqkq8j25!19sChIJLzQ8yFEHGTkRiumirZ9DnEI?authuser=0&hl=en&g_ep=EgoyMDI2MDkwMi4wIJJjKgBIAVAD&rclk=1
Real Estate Marketing in Pakistan,Makeen Marketing Real Estate,+92 330 0625336,https://www.google.com/maps/place/Makeen+Marketing+Real+Estate/data=!4m7!3m6!1s0x38dfeda7e5b052d7:0x88f32dd5d31c46d0!8m2!3d33.574867!4d73.1518222!16s%2Fg%2F11jgtwpcfs!19sChIJ11Kw5aft3zgR0EYc09Ut84g?authuser=0&hl=en&g_ep=EgoyMDI2MDkwMi4wIJJjKgBIAVAD&rclk=1
Real Estate Marketing in Pakistan,Shiraz Marketing And Real Estate,+92 321 5777739,https://www.google.com/maps/place/Shiraz+Marketing+And+Real+Estate/data=!4m7!3m6!1s0x39191dcb8c30ae2b:0x31fe88e56e2812f4!8m2!3d31.6032959!4d74.2338298!16s%2Fg%2F11k9kbgwn3!19sChIJK64wjMsdGTkR9BIobuWI_jE?authuser=0&hl=en&g_ep=EgoyMDI2MDkwMi4wIJJjKgBIAVAD&rclk=1
Real Estate Marketing in Pakistan,Topline Marketing (Pvt) Ltd.,+92 331 7777720,https://www.google.com/maps/place/Topline+Marketing+%28Pvt%29+Ltd./data=!4m7!3m6!1s0x38df950db7a6ed07:0x2e2e3a2d6988698c!8m2!3d33.7193067!4d73.0746347!16s%2Fg%2F11fqct076z!19sChIJB-2mtw2V3zgRjGmIaS06Li4?authuser=0&hl=en&g_ep=EgoyMDI2MDkwMi4wIJJjKgBIAVAD&rclk=1
Real Estate Marketing in Pakistan,Sky Marketing Best Real Estate Marketing Company Islamabad,+92 333 5650505,https://www.google.com/maps/place/Sky+Marketing+Best+Real+Estate+Marketing+Company+Islamabad/data=!4m7!3m6!1s0x38dfbfb80fed17e7:0x9c588f07a95cb630!8m2!3d33.7131293!4d73.0632108!16s%2Fg%2F11gz8yy3v3!19sChIJ5xftD7i_3zgRMLZcqQePWJw?authuser=0&hl=en&g_ep=EgoyMDI2MDkwMi4wIJJjKgBIAVAD&rclk=1
Real Estate Marketing in Pakistan,Best Estate & Marketing,+92 300 8001010,https://www.google.com/maps/place/Best+Estate+%26+Marketing/data=!4m7!3m6!1s0x391909d8480edae5:0x1cffe1b4331bde2e!8m2!3d31.5005378!4d74.429885!16s%2Fg%2F11mqcp99lx!19sChIJ5doOSNgJGTkRLt4bM7Th_xw?authuser=0&hl=en&g_ep=EgoyMDI2MDkwMi4wIJJjKgBIAVAD&rclk=1
Real Estate Marketing in Pakistan,4 Star Marketing and Real Estate,+92 303 5012208,https://www.google.com/maps/place/4+Star+Marketing+and+Real+Estate/data=!4m7!3m6!1s0x63c658409cec66f5:0x6a861ed3a5c587c0!8m2!3d33.7675339!4d72.7106777!16s%2Fg%2F11n4fzynqh!19sChIJ9WbsnEBYxmMRwIfFpdMehmo?authuser=0&hl=en&g_ep=EgoyMDI2MDkwMi4wIJJjKgBIAVAD&rclk=1
Real Estate Marketing in Pakistan,Shakrial & Co. Estate and Builders,+92 300 5011917,https://www.google.com/maps/place/Shakrial+%26+Co.+Estate+and+Builders/data=!4m7!3m6!1s0x38df97be3813699b:0x86c0a4b72f07088!8m2!3d33.6355473!4d72.9237941!16s%2Fg%2F11b6slr2t_!19sChIJm2kTOL6X3zgRiHDwcksKbAg?authuser=0&hl=en&g_ep=EgoyMDI2MDkwMi4wIJJjKgBIAVAD&rclk=1
Real Estate Marketing in Pakistan,Estate Land Marketing,+92 333 1111020,https://www.google.com/maps/place/Estate+Land+Marketing/data=!4m7!3m6!1s0x38df958308a50895:0x3ab8a47bb83f8413!8m2!3d33.6603293!4d73.0628389!16s%2Fg%2F11t5d1hk_y!19sChIJlQilCIOV3zgRE4Q_uHukuDo?authuser=0&hl=en&g_ep=EgoyMDI2MDkwMi4wIJJjKgBIAVAD&rclk=1
Real Estate Marketing in Pakistan,M&G Marketing pvt ltd,+92 331 1110174,https://www.google.com/maps/place/M%26G+Marketing+pvt+ltd/data=!4m7!3m6!1s0x38df950f87ca7d23:0x9d6fd9a5adb3c667!8m2!3d33.6674914!4d72.9978927!16s%2Fg%2F11pvg9ndmj!19sChIJI33Khw-V3zgRZ8azraXZb50?authuser=0&hl=en&g_ep=EgoyMDI2MDkwMi4wIJJjKgBIAVAD&rclk=1
Real Estate Marketing in Pakistan,Ajadpakistan real estate marketing pvt ltd,+92 312 1524605,https://www.google.com/maps/place/Ajadpakistan+real+estate+marketing+pvt+ltd/data=!4m7!3m6!1s0x38dfeb54c275995b:0xef5a3a95f57c8e70!8m2!3d33.6312434!4d73.1257783!16s%2Fg%2F11j4cq0y5t!19sChIJW5l1wlTr3zgRcI589ZU6Wu8?authuser=0&hl=en&g_ep=EgoyMDI2MDkwMi4wIJJjKgBIAVAD&rclk=1
Real Estate Marketing in Pakistan,PAK ASIA MARKETING (Pvt Ltd),+92 335 7770970,https://www.google.com/maps/place/PAK+ASIA+MARKETING+%28Pvt+Ltd%29/data=!4m7!3m6!1s0x38df950d1884120b:0xdaef14ce83ee920a!8m2!3d33.6675869!4d72.9972564!16s%2Fg%2F11rfr93f1c!19sChIJCxKEGA2V3zgRCpLug84U79o?authuser=0&hl=en&g_ep=EgoyMDI2MDkwMi4wIJJjKgBIAVAD&rclk=1
Real Estate Marketing in Pakistan,Z.A.Z Real Estate Marketing Pvt.Ltd,Not Found,https://www.google.com/maps/place/Z.A.Z+Real+Estate+Marketing+Pvt.Ltd/data=!4m7!3m6!1s0x38dfbfdbfa3120b3:0x76367d69cb11e4cd!8m2!3d33.5824898!4d72.8628175!16s%2Fg%2F11rcl8vmdn!19sChIJsyAx-tu_3zgRzeQRy2l9NnY?authuser=0&hl=en&g_ep=EgoyMDI2MDkwMi4wIJJjKgBIAVAD&rclk=1
Real Estate Marketing in Pakistan,HS Marketing (Pvt)Ltd,+92 301 2222201,https://www.google.com/maps/place/HS+Marketing+%28Pvt%29Ltd/data=!4m7!3m6!1s0x39190f0e94c260cd:0x396be2a577de4e6b!8m2!3d31.5006495!4d74.4297879!16s%2Fg%2F11tcjbrbgh!19sChIJzWDClA4PGTkRa07ed6Xiazk?authuser=0&hl=en&g_ep=EgoyMDI2MDkwMi4wIJJjKgBIAVAD&rclk=1
Real Estate Marketing in Pakistan,AH Real Estate Marketing (PVT) LTD,+92 310 5554444,https://www.google.com/maps/place/AH+Real+Estate+Marketing+%28PVT%29+LTD/data=!4m7!3m6!1s0x38df95340f2c4fd7:0x815ac95c43b9d074!8m2!3d33.6275246!4d73.0698393!16s%2Fg%2F11j2nkdbfm!19sChIJ108sDzSV3zgRdNC5Q1zJWoE?authuser=0&hl=en&g_ep=EgoyMDI2MDkwMi4wIJJjKgBIAVAD&rclk=1
Real Estate Marketing in Pakistan,Crystal Pakistan,+92 300 7997711,https://www.google.com/maps/place/Crystal+Pakistan/data=!4m7!3m6!1s0x61cc61445f118ee9:0xf5bcc9e4a99405ec!8m2!3d32.5270456!4d73.6706674!16s%2Fg%2F11sjzwvfm2!19sChIJ6Y4RX0RhzGER7AWUqeTJvPU?authuser=0&hl=en&g_ep=EgoyMDI2MDkwMi4wIJJjKgBIAVAD&rclk=1
Real Estate Marketing in Pakistan,Estate Base Marketing,+92 333 5644032,https://www.google.com/maps/place/Estate+Base+Marketing/data=!4m7!3m6!1s0x38dfa1003107cb87:0x449404b6b2bb1bea!8m2!3d33.7100396!4d72.7897152!16s%2Fg%2F11mrx9kzvf!19sChIJh8sHMQCh3zgR6hu7srYElEQ?authuser=0&hl=en&g_ep=EgoyMDI2MDkwMi4wIJJjKgBIAVAD&rclk=1
Real Estate Marketing in Pakistan,Real Estate Consultants-REC Marketing,+92 334 4536168,https://www.google.com/maps/place/Real+Estate+Consultants-REC+Marketing/data=!4m7!3m6!1s0x391f29326076ce4d:0xfb93c9ff65ba4fa9!8m2!3d32.2424703!4d74.1652534!16s%2Fg%2F11s5mmvzx4!19sChIJTc52YDIpHzkRqU-6Zf_Jk_s?authuser=0&hl=en&g_ep=EgoyMDI2MDkwMi4wIJJjKgBIAVAD&rclk=1
Real Estate Marketing in Pakistan,Signature Lands | Real Estate Marketing & Construction,+92 321 8420946,https://www.google.com/maps/place/Signature+Lands+%7C+Real+Estate+Marketing+%26+Construction/data=!4m7!3m6!1s0x3918ff21f28b8eff:0x3ee01ec480088471!8m2!3d31.4567817!4d74.1957115!16s%2Fg%2F11y6wm79zj!19sChIJ_46L8iH_GDkRcYQIgMQe4D4?authuser=0&hl=en&g_ep=EgoyMDI2MDkwMi4wIJJjKgBIAVAD&rclk=1
Real Estate Marketing in Pakistan,Z.A.Z Real Estate Marketing Pvt.Ltd,Not Found,https://www.google.com/maps/place/Z.A.Z+Real+Estate+Marketing+Pvt.Ltd/data=!4m7!3m6!1s0x38dfbfdbfa3120b3:0x76367d69cb11e4cd!8m2!3d33.5824898!4d72.8628175!16s%2Fg%2F11rcl8vmdn!19sChIJsyAx-tu_3zgRzeQRy2l9NnY?authuser=0&hl=en&g_ep=EgoyMDI2MDkwMi4wIJJjKgBIAVAD&rclk=1
Real Estate Marketing in Pakistan,ilaan.com,+92 300 9045226,https://www.google.com/maps/place/ilaan.com/data=!4m7!3m6!1s0x391903708e5be587:0x65f070b74c44830a!8m2!3d31.4662827!4d74.2582651!16s%2Fg%2F11g1lln63c!19sChIJh-VbjnADGTkRCoNETLdw8GU?authuser=0&hl=en&g_ep=EgoyMDI2MDkwMi4wIJJjKgBIAVAD&rclk=1
Real Estate Marketing in Pakistan,Daska Real Estate Developers,Not Found,https://www.google.com/maps/place/Daska+Real+Estate+Developers/data=!4m7!3m6!1s0x38dfa3f3b856cc0b:0x6a76771eb69fa13c!8m2!3d33.6944499!4d72.8201302!16s%2Fg%2F11q3d28pkr!19sChIJC8xWuPOj3zgRPKGfth53dmo?authuser=0&hl=en&g_ep=EgoyMDI2MDkwMi4wIJJjKgBIAVAD&rclk=1
Real Estate Marketing in Pakistan,Crystal Pakistan,+92 300 7997711,https://www.google.com/maps/place/Crystal+Pakistan/data=!4m7!3m6!1s0x61cc61445f118ee9:0xf5bcc9e4a99405ec!8m2!3d32.5270456!4d73.6706674!16s%2Fg%2F11sjzwvfm2!19sChIJ6Y4RX0RhzGER7AWUqeTJvPU?authuser=0&hl=en&g_ep=EgoyMDI2MDkwMi4wIJJjKgBIAVAD&rclk=1
Real Estate Marketing in Pakistan,ABS Marketing,+92 333 1444449,https://www.google.com/maps/place/ABS+Marketing/data=!4m7!3m6!1s0x3918ff407602c44d:0x895464aebb99b018!8m2!3d31.3742258!4d74.1793279!16s%2Fg%2F11lf020d7b!19sChIJTcQCdkD_GDkRGLCZu65kVIk?authuser=0&hl=en&g_ep=EgoyMDI2MDkwMi4wIJJjKgBIAVAD&rclk=1
Real Estate Marketing in Pakistan,RAJ MARKETING (Project of Pakistan Associates and Builders),+92 314 7356795,https://www.google.com/maps/place/RAJ+MARKETING+%28Project+of+Pakistan+Associates+and+Builders%29/data=!4m7!3m6!1s0xb095435e8ce8c9b:0xdc8c53b755b198fe!8m2!3d31.4715402!4d74.258902!16s%2Fg%2F11ypnkzzsj!19sChIJm4zO6DVUCQsR_pixVbdTjNw?authuser=0&hl=en&g_ep=EgoyMDI2MDkwMi4wIJJjKgBIAVAD&rclk=1
Real Estate Marketing in Pakistan,"IDEAL PROPERTY SULOTION, REAL ESTATE MARKETING & INVESTMENT BUREAU",+92 300 5049184,"https://www.google.com/maps/place/IDEAL+PROPERTY+SULOTION,+REAL+ESTATE+MARKETING+%26+INVESTMENT+BUREAU/data=!4m7!3m6!1s0x38df9997da625b63:0xf7e13814d50f4857!8m2!3d33.5753969!4d72.8407617!16s%2Fg%2F11h6ly2rgj!19sChIJY1ti2peZ3zgRV0gP1RQ44fc?authuser=0&hl=en&g_ep=EgoyMDI2MDkwMi4wIJJjKgBIAVAD&rclk=1"
Real Estate Marketing in Pakistan,Find Property Group,+92 324 4960506,https://www.google.com/maps/place/Find+Property+Group/data=!4m7!3m6!1s0x391903a1bfaadf79:0x93aef42922d82db0!8m2!3d31.5241178!4d74.3080012!16s%2Fg%2F11njhqwm7v!19sChIJed-qv6EDGTkRsC3YIin0rpM?authuser=0&hl=en&g_ep=EgoyMDI2MDkwMi4wIJJjKgBIAVAD&rclk=1
Real Estate Marketing in Pakistan,Rise Marketing Official,+92 307 1610007,https://www.google.com/maps/place/Rise+Marketing+Official/data=!4m7!3m6!1s0x39191f55f15dda45:0x29f36afa1f9a2a7a!8m2!3d31.6871281!4d74.2396146!16s%2Fg%2F11q3sshzlj!19sChIJRdpd8VUfGTkReiqaH_pq8yk?authuser=0&hl=en&g_ep=EgoyMDI2MDkwMi4wIJJjKgBIAVAD&rclk=1
Real Estate Marketing in Pakistan,"J.S Associates, Real Estate Marketing and Builders, Islamabad",+92 306 0845195,"https://www.google.com/maps/place/J.S+Associates,+Real+Estate+Marketing+and+Builders,+Islamabad/data=!4m7!3m6!1s0x38dfa3b31c2e4bf5:0x44352c2e4ac30447!8m2!3d33.7079106!4d72.7901125!16s%2Fg%2F11pttp0ztq!19sChIJ9UsuHLOj3zgRRwTDSi4sNUQ?authuser=0&hl=en&g_ep=EgoyMDI2MDkwMi4wIJJjKgBIAVAD&rclk=1"
Real Estate Marketing in Pakistan,Signature Lands | Real Estate Marketing & Construction,Not Found,https://www.google.com/maps/place/Signature+Lands+%7C+Real+Estate+Marketing+%26+Construction/data=!4m7!3m6!1s0x3918ff21f28b8eff:0x3ee01ec480088471!8m2!3d31.4567817!4d74.1957115!16s%2Fg%2F11y6wm79zj!19sChIJ_46L8iH_GDkRcYQIgMQe4D4?authuser=0&hl=en&g_ep=EgoyMDI2MDkwMi4wIJJjKgBIAVAD&rclk=1
Real Estate Marketing in Pakistan,Real Estate With Auns Ali,+971 56 374 8959,https://www.google.com/maps/place/Real+Estate+With+Auns+Ali/data=!4m7!3m6!1s0x38dfe9c3061409ff:0xff8478cae52be212!8m2!3d33.6026903!4d73.1594566!16s%2Fg%2F11mww8sgkg!19sChIJ_wkUBsPp3zgREuIr5cp4hP8?authuser=0&hl=en&g_ep=EgoyMDI2MDkwMi4wIJJjKgBIAVAD&rclk=1
Real Estate Marketing in Pakistan,Win Win Marketing & Developers,+92 331 1110066,https://www.google.com/maps/place/Win+Win+Marketing+%26+Developers/data=!4m7!3m6!1s0x38dfbe53af4522eb:0x58d44dcadeabe028!8m2!3d33.7270664!4d73.0866456!16s%2Fg%2F1vystxp8!19sChIJ6yJFr1O-3zgRKOCr3spN1Fg?authuser=0&hl=en&g_ep=EgoyMDI2MDkwMi4wIJJjKgBIAVAD&rclk=1
Real Estate Marketing in Pakistan,World View Marketing,+92 311 1108444,https://www.google.com/maps/place/World+View+Marketing/data=!4m7!3m6!1s0x3918ffa69bdec58b:0xd38642c3ea9ecc72!8m2!3d31.3730597!4d74.1849087!16s%2Fg%2F11xmg5mwqm!19sChIJi8Xem6b_GDkRcsye6sNChtM?authuser=0&hl=en&g_ep=EgoyMDI2MDkwMi4wIJJjKgBIAVAD&rclk=1
Real Estate Marketing in Pakistan,Asasay Estate & Marketing,+92 302 4432234,https://www.google.com/maps/place/Asasay+Estate+%26+Marketing/data=!4m7!3m6!1s0x39190413d46462a7:0xb02dbd42d212f077!8m2!3d31.4882504!4d74.3266175!16s%2Fg%2F11hcxcq0p0!19sChIJp2Jk1BMEGTkRd_AS0kK9LbA?authuser=0&hl=en&g_ep=EgoyMDI2MDkwMi4wIJJjKgBIAVAD&rclk=1
Real Estate Marketing in Pakistan,NP Marketing Real Estate Company,+92 321 8568944,https://www.google.com/maps/place/NP+Marketing+Real+Estate+Company/data=!4m7!3m6!1s0x38dfbe21da0fbb67:0xc057f9778ca31257!8m2!3d33.6771119!4d73.017482!16s%2Fg%2F1pp2t_qvf!19sChIJZ7sP2iG-3zgRVxKjjHf5V8A?authuser=0&hl=en&g_ep=EgoyMDI2MDkwMi4wIJJjKgBIAVAD&rclk=1
Real Estate Marketing in Pakistan,Raheem Baksh Estate Advisor,+92 307 8888739,https://www.google.com/maps/place/Raheem+Baksh+Estate+Advisor/data=!4m7!3m6!1s0x39191fb8fb9c5473:0xdbc83180cd542e59!8m2!3d31.6873202!4d74.2891018!16s%2Fg%2F11jk_ll9m_!19sChIJc1Sc-7gfGTkRWS5UzYAxyNs?authuser=0&hl=en&g_ep=EgoyMDI2MDkwMi4wIJJjKgBIAVAD&rclk=1
Real Estate Marketing in Pakistan,Al Majid Associates and Marketing,Not Found,https://www.google.com/maps/place/Al+Majid+Associates+and+Marketing/data=!4m7!3m6!1s0x3918fd80e99c1299:0xe66dc65926581083!8m2!3d31.456804!4d74.1900296!16s%2Fg%2F11h00l1b8n!19sChIJmRKc6YD9GDkRgxBYJlnGbeY?authuser=0&hl=en&g_ep=EgoyMDI2MDkwMi4wIJJjKgBIAVAD&rclk=1
Real Estate Marketing in Pakistan,A & A Marketing & Real Estates,+92 317 0006669,https://www.google.com/maps/place/A+%26+A+Marketing+%26+Real+Estates/data=!4m7!3m6!1s0x38dfc18388e0e571:0xda953fb9ddb62552!8m2!3d33.7417599!4d73.1695329!16s%2Fg%2F11j0rhwlqr!19sChIJceXgiIPB3zgRUiW23bk_ldo?authuser=0&hl=en&g_ep=EgoyMDI2MDkwMi4wIJJjKgBIAVAD&rclk=1
Real Estate Marketing in Pakistan,Advance Marketing Builder's & Estate Consultant,Not Found,https://www.google.com/maps/place/Advance+Marketing+Builder%27s+%26+Estate+Consultant/data=!4m7!3m6!1s0x3919ab00217c1ccd:0xe9589376ce7947d5!8m2!3d31.3388985!4d74.2492033!16s%2Fg%2F11lv7lqx2n!19sChIJzRx8IQCrGTkR1Ud5znaTWOk?authuser=0&hl=en&g_ep=EgoyMDI2MDkwMi4wIJJjKgBIAVAD&rclk=1
pakwan center and retuarents in faislabad in Canal Road Pakistan,Ayan chiniot pakwan center faisalabad,+92 309 2588810,https://www.google.com/maps/place/Ayan+chiniot+pakwan+center+faisalabad/data=!4m7!3m6!1s0x392269c26b3ec099:0xce7e7718332a4594!8m2!3d31.4471872!4d73.1584045!16s%2Fg%2F11vcn9v7g2!19sChIJmcA-a8JpIjkRlEUqMxh3fs4?authuser=0&hl=en&g_ep=EgoyMDI2MDkwMi4wIJJjKgBIAVAD&rclk=1
pakwan center and retuarents in faislabad in Canal Road Pakistan,Chiniot Pakwan Centre چنیوٹ پکوان سینٹر,+92 41 8710286,https://www.google.com/maps/place/Chiniot+Pakwan+Centre+%DA%86%D9%86%DB%8C%D9%88%D9%B9+%D9%BE%DA%A9%D9%88%D8%A7%D9%86+%D8%B3%DB%8C%D9%86%D9%B9%D8%B1%E2%80%AD/data=!4m7!3m6!1s0x392268696be78159:0x104e9a92ee0e8214!8m2!3d31.4220417!4d73.1184031!16s%2Fg%2F12mkwb54n!19sChIJWYHna2loIjkRFIIO7pKaThA?authuser=0&hl=en&g_ep=EgoyMDI2MDkwMi4wIJJjKgBIAVAD&rclk=1
pakwan center and retuarents in faislabad in Canal Road Pakistan,Chiniot Pakwan center,Not Found,https://www.google.com/maps/place/Chiniot+Pakwan+center/data=!4m7!3m6!1s0x39225d0064078887:0x10f3657c634c5392!8m2!3d31.3910445!4d73.0714279!16s%2Fg%2F11x_69qsnn!19sChIJh4gHZABdIjkRklNMY3xl8xA?authuser=0&hl=en&g_ep=EgoyMDI2MDkwMi4wIJJjKgBIAVAD&rclk=1
pakwan center and retuarents in faislabad in Canal Road Pakistan,Chiniot Pakwan Center,+92 300 8969674,https://www.google.com/maps/place/Chiniot+Pakwan+Center/data=!4m7!3m6!1s0x392243006526e699:0x9781e55416213fce!8m2!3d31.4573631!4d73.0748732!16s%2Fg%2F11wr440ccp!19sChIJmeYmZQBDIjkRzj8hFlTlgZc?authuser=0&hl=en&g_ep=EgoyMDI2MDkwMi4wIJJjKgBIAVAD&rclk=1
pakwan center and retuarents in faislabad in Canal Road Pakistan,Chiniot Pakwan Centre,+92 300 7220788,https://www.google.com/maps/place/Chiniot+Pakwan+Centre/data=!4m7!3m6!1s0x392267fcbf5b3693:0x36e4c6911bf21056!8m2!3d31.4067094!4d73.0991584!16s%2Fg%2F1jkxvy2_t!19sChIJkzZbv_xnIjkRVhDyG5HG5DY?authuser=0&hl=en&g_ep=EgoyMDI2MDkwMi4wIJJjKgBIAVAD&rclk=1
pakwan center and retuarents in faislabad in Canal Road Pakistan,Chiniot Food Pakwan Chen One Road Near Government Baker Faisalabad,+92 300 8545532,https://www.google.com/maps/place/Chiniot+Food+Pakwan+Chen+One+Road+Near+Government+Baker+Faisalabad/data=!4m7!3m6!1s0x39226811c542493f:0x33af3308e49755ff!8m2!3d31.4125459!4d73.1041383!16s%2Fg%2F11cs1cb2lk!19sChIJP0lCxRFoIjkR_1WX5AgzrzM?authuser=0&hl=en&g_ep=EgoyMDI2MDkwMi4wIJJjKgBIAVAD&rclk=1
pakwan center and retuarents in faislabad in Canal Road Pakistan,Super Chiniot Pakwan Center,+92 322 7821778,https://www.google.com/maps/place/Super+Chiniot+Pakwan+Center/data=!4m7!3m6!1s0x3922690c01071111:0x76e70d38a9584809!8m2!3d31.4223278!4d73.1327721!16s%2Fg%2F11sb9lyvqx!19sChIJEREHAQxpIjkRCUhYqTgN53Y?authuser=0&hl=en&g_ep=EgoyMDI2MDkwMi4wIJJjKgBIAVAD&rclk=1
pakwan center and retuarents in faislabad in Canal Road Pakistan,Chiniot Pakwan Chen One Road,+92 301 8662258,https://www.google.com/maps/place/Chiniot+Pakwan+Chen+One+Road/data=!4m7!3m6!1s0x3922694a98136571:0x775bbd1709e561e3!8m2!3d31.410283!4d73.1020667!16s%2Fg%2F11qbr8tc4f!19sChIJcWUTmEppIjkR42HlCRe9W3c?authuser=0&hl=en&g_ep=EgoyMDI2MDkwMi4wIJJjKgBIAVAD&rclk=1
pakwan center and retuarents in faislabad in Canal Road Pakistan,Pakwan Centre,+92 41 5543260,https://www.google.com/maps/place/Pakwan+Centre/data=!4m7!3m6!1s0x392268781d732795:0xd3beef415b87ccfe!8m2!3d31.4052519!4d73.1232327!16s%2Fg%2F12mkw94s_!19sChIJlSdzHXhoIjkR_syHW0HvvtM?authuser=0&hl=en&g_ep=EgoyMDI2MDkwMi4wIJJjKgBIAVAD&rclk=1
pakwan center and retuarents in faislabad in Canal Road Pakistan,Queen’s Pakwan Centre,Not Found,https://www.google.com/maps/place/Queen%E2%80%99s+Pakwan+Centre/data=!4m7!3m6!1s0x39226f4dd7848ae1:0x61d7b6c7590a591!8m2!3d31.4621311!4d73.1864564!16s%2Fg%2F11sx0f374d!19sChIJ4YqE101vIjkRkaWQdWx7HQY?authuser=0&hl=en&g_ep=EgoyMDI2MDkwMi4wIJJjKgBIAVAD&rclk=1
pakwan center and retuarents in faislabad in Canal Road Pakistan,Punjab Pakwan Center,+92 305 6443314,https://www.google.com/maps/place/Punjab+Pakwan+Center/data=!4m7!3m6!1s0x39226900763cc513:0x9f103393edab6924!8m2!3d31.4364331!4d73.140945!16s%2Fg%2F11lcysk3qg!19sChIJE8U8dgBpIjkRJGmr7ZMzEJ8?authuser=0&hl=en&g_ep=EgoyMDI2MDkwMi4wIJJjKgBIAVAD&rclk=1
pakwan center and retuarents in faislabad in Canal Road Pakistan,Subhan Pakwan Center,+92 321 6665153,https://www.google.com/maps/place/Subhan+Pakwan+Center/data=!4m7!3m6!1s0x392243442965df3f:0x9496c273e287a6e7!8m2!3d31.4086928!4d73.0709058!16s%2Fg%2F11ssfv1szx!19sChIJP99lKURDIjkR56aH4nPClpQ?authuser=0&hl=en&g_ep=EgoyMDI2MDkwMi4wIJJjKgBIAVAD&rclk=1
pakwan center and retuarents in faislabad in Canal Road Pakistan,Faisalabad Food Pakwan,+92 301 5898718,https://www.google.com/maps/place/Faisalabad+Food+Pakwan/data=!4m7!3m6!1s0x392269b5727d842f:0x38d32b626ce862b2!8m2!3d31.4626123!4d73.1262554!16s%2Fg%2F11j4y5z0ww!19sChIJL4R9crVpIjkRsmLobGIr0zg?authuser=0&hl=en&g_ep=EgoyMDI2MDkwMi4wIJJjKgBIAVAD&rclk=1
pakwan center and retuarents in faislabad in Canal Road Pakistan,Khayyam- The Food Pavilion,+92 301 2266642,https://www.google.com/maps/place/Khayyam-+The+Food+Pavilion/data=!4m7!3m6!1s0x392269006e20665d:0x38a71a07d3d5c9a6!8m2!3d31.4563229!4d73.16226!16s%2Fg%2F11wqqk37jq!19sChIJXWYgbgBpIjkRpsnV0wcapzg?authuser=0&hl=en&g_ep=EgoyMDI2MDkwMi4wIJJjKgBIAVAD&rclk=1
pakwan center and retuarents in faislabad in Canal Road Pakistan,Pak Verowall Dera Restaurant,+92 339 2920004,https://www.google.com/maps/place/Pak+Verowall+Dera+Restaurant/data=!4m7!3m6!1s0x39226997dd3e8287:0x524ef995bb45a213!8m2!3d31.4372705!4d73.1308613!16s%2Fg%2F11kpyt1chx!19sChIJh4I-3ZdpIjkRE6JFu5X5TlI?authuser=0&hl=en&g_ep=EgoyMDI2MDkwMi4wIJJjKgBIAVAD&rclk=1
pakwan center and retuarents in faislabad in Canal Road Pakistan,Mustafai Pakwan Center,+92 300 6646879,https://www.google.com/maps/place/Mustafai+Pakwan+Center/data=!4m7!3m6!1s0x39226831e9cf0425:0xad411f5ddac70210!8m2!3d31.4394244!4d73.0995559!16s%2Fg%2F11c586zrm7!19sChIJJQTP6TFoIjkREALH2l0fQa0?authuser=0&hl=en&g_ep=EgoyMDI2MDkwMi4wIJJjKgBIAVAD&rclk=1
pakwan center and retuarents in faislabad in Canal Road Pakistan,Abdullah Pakwan Center,+92 306 7021737,https://www.google.com/maps/place/Abdullah+Pakwan+Center/data=!4m7!3m6!1s0x39225d7a9e48aa67:0x15590da79948a269!8m2!3d31.3683569!4d73.0655116!16s%2Fg%2F11sgyy6gyw!19sChIJZ6pInnpdIjkRaaJImacNWRU?authuser=0&hl=en&g_ep=EgoyMDI2MDkwMi4wIJJjKgBIAVAD&rclk=1
pakwan center and retuarents in faislabad in Canal Road Pakistan,Kashmiri Pakwan,+92 344 4477448,https://www.google.com/maps/place/Kashmiri+Pakwan/data=!4m7!3m6!1s0x392269bb80051d43:0x582d8e39c6e56093!8m2!3d31.4111875!4d73.1030625!16s%2Fg%2F11w8q33kyl!19sChIJQx0FgLtpIjkRk2DlxjmOLVg?authuser=0&hl=en&g_ep=EgoyMDI2MDkwMi4wIJJjKgBIAVAD&rclk=1
pakwan center and retuarents in faislabad in Canal Road Pakistan,Pak Verowall Pakwan,+92 339 2920003,https://www.google.com/maps/place/Pak+Verowall+Pakwan/data=!4m7!3m6!1s0x3922429575d8ee81:0xf38ec9498b44923e!8m2!3d31.4200497!4d73.0669708!16s%2Fg%2F1vcq5_gt!19sChIJge7YdZVCIjkRPpJEi0nJjvM?authuser=0&hl=en&g_ep=EgoyMDI2MDkwMi4wIJJjKgBIAVAD&rclk=1
pakwan center and retuarents in faislabad in Canal Road Pakistan,HAIDERY PAKWAN CENTER & CATERING SERVICES,+92 303 8901490,https://www.google.com/maps/place/HAIDERY+PAKWAN+CENTER+%26+CATERING+SERVICES/data=!4m7!3m6!1s0x392243ddc9507449:0x41c8204245f63866!8m2!3d31.4386457!4d73.0404275!16s%2Fg%2F11q8gb3frz!19sChIJSXRQyd1DIjkRZjj2RUIgyEE?authuser=0&hl=en&g_ep=EgoyMDI2MDkwMi4wIJJjKgBIAVAD&rclk=1
pakwan center and retuarents in faislabad in Canal Road Pakistan,Bao Aslam Pakwan center Liaqat Town Faisalabad,Not Found,https://www.google.com/maps/place/Bao+Aslam+Pakwan+center+Liaqat+Town+Faisalabad/data=!4m7!3m6!1s0x3922430059cecf41:0x6444c6862812f7df!8m2!3d31.4140787!4d73.0479857!16s%2Fg%2F11y8t73fxn!19sChIJQc_OWQBDIjkR3_cSKIbGRGQ?authuser=0&hl=en&g_ep=EgoyMDI2MDkwMi4wIJJjKgBIAVAD&rclk=1
pakwan center and retuarents in faislabad in Canal Road Pakistan,Danish Pakwan Center,Not Found,https://www.google.com/maps/place/Danish+Pakwan+Center/data=!4m7!3m6!1s0x392243d674c3d01f:0x9fd01bc2b8fb1b6!8m2!3d31.4554563!4d73.0412951!16s%2Fg%2F11h8h3r00j!19sChIJH9DDdNZDIjkRtrGPK7wB_Qk?authuser=0&hl=en&g_ep=EgoyMDI2MDkwMi4wIJJjKgBIAVAD&rclk=1
pakwan center and retuarents in faislabad in Canal Road Pakistan,AA PAKWAN CENTRE,+92 300 7225276,https://www.google.com/maps/place/AA+PAKWAN+CENTRE/data=!4m7!3m6!1s0x3922434ac851f377:0x24be4d3731ed153f!8m2!3d31.3827351!4d73.0573517!16s%2Fg%2F11gmgw1w96!19sChIJd_NRyEpDIjkRPxXtMTdNviQ?authuser=0&hl=en&g_ep=EgoyMDI2MDkwMi4wIJJjKgBIAVAD&rclk=1
pakwan center and retuarents in faislabad in Canal Road Pakistan,Ustad Nunah Pakwan Centre,Not Found,https://www.google.com/maps/place/Ustad+Nunah+Pakwan+Centre/data=!4m7!3m6!1s0x39225d115ea3a431:0xd7407e121bf13a12!8m2!3d31.3925915!4d73.0706496!16s%2Fg%2F11h6smmj41!19sChIJMaSjXhFdIjkREjrxGxJ-QNc?authuser=0&hl=en&g_ep=EgoyMDI2MDkwMi4wIJJjKgBIAVAD&rclk=1
pakwan center and retuarents in faislabad in Canal Road Pakistan,M Amin pakwan center,+92 307 2457417,https://www.google.com/maps/place/M+Amin+pakwan+center/data=!4m7!3m6!1s0x39226963b233ae8d:0x64025c0e281e4ec4!8m2!3d31.445865!4d73.1158993!16s%2Fg%2F11ht540z46!19sChIJja4zsmNpIjkRxE4eKA5cAmQ?authuser=0&hl=en&g_ep=EgoyMDI2MDkwMi4wIJJjKgBIAVAD&rclk=1
pakwan center and retuarents in faislabad in Canal Road Pakistan,Abdullah Pakwan Centre,+92 301 7181627,https://www.google.com/maps/place/Abdullah+Pakwan+Centre/data=!4m7!3m6!1s0x3922690075fa8d39:0x55491e00b6314872!8m2!3d31.4619429!4d73.1397149!16s%2Fg%2F11z1_xcj1w!19sChIJOY36dQBpIjkRckgxtgAeSVU?authuser=0&hl=en&g_ep=EgoyMDI2MDkwMi4wIJJjKgBIAVAD&rclk=1
pakwan center and retuarents in faislabad in Canal Road Pakistan,Kashmiri Pakwan,+92 344 4477448,https://www.google.com/maps/place/Kashmiri+Pakwan/data=!4m7!3m6!1s0x392269bb80051d43:0x582d8e39c6e56093!8m2!3d31.4111875!4d73.1030625!16s%2Fg%2F11w8q33kyl!19sChIJQx0FgLtpIjkRk2DlxjmOLVg?authuser=0&hl=en&g_ep=EgoyMDI2MDkwMi4wIJJjKgBIAVAD&rclk=1
pakwan center and retuarents in faislabad in Canal Road Pakistan,Adeel pakwan centre,+92 322 6037673,https://www.google.com/maps/place/Adeel+pakwan+centre/data=!4m7!3m6!1s0x3922439051a31655:0xec22dea47d7c9a54!8m2!3d31.4125457!4d73.064809!16s%2Fg%2F11mvwdr14d!19sChIJVRajUZBDIjkRVJp8faTeIuw?authuser=0&hl=en&g_ep=EgoyMDI2MDkwMi4wIJJjKgBIAVAD&rclk=1
pakwan center and retuarents in faislabad in Canal Road Pakistan,Pak Verowall Pakwan,+92 339 2920003,https://www.google.com/maps/place/Pak+Verowall+Pakwan/data=!4m7!3m6!1s0x3922429575d8ee81:0xf38ec9498b44923e!8m2!3d31.4200497!4d73.0669708!16s%2Fg%2F1vcq5_gt!19sChIJge7YdZVCIjkRPpJEi0nJjvM?authuser=0&hl=en&g_ep=EgoyMDI2MDkwMi4wIJJjKgBIAVAD&rclk=1
pakwan center and retuarents in faislabad in Canal Road Pakistan,Amjad pakwan center,+92 303 4341726,https://www.google.com/maps/place/Amjad+pakwan+center/data=!4m7!3m6!1s0x3922698ce75938c1:0x783090f6abe60a8c!8m2!3d31.4584667!4d73.1066517!16s%2Fg%2F11twfpd_x4!19sChIJwThZ54xpIjkRjArmq_aQMHg?authuser=0&hl=en&g_ep=EgoyMDI2MDkwMi4wIJJjKgBIAVAD&rclk=1
pakwan center and retuarents in faislabad in Canal Road Pakistan,Khayyam- The Food Pavilion,+92 301 2266642,https://www.google.com/maps/place/Khayyam-+The+Food+Pavilion/data=!4m7!3m6!1s0x392269006e20665d:0x38a71a07d3d5c9a6!8m2!3d31.4563229!4d73.16226!16s%2Fg%2F11wqqk37jq!19sChIJXWYgbgBpIjkRpsnV0wcapzg?authuser=0&hl=en&g_ep=EgoyMDI2MDkwMi4wIJJjKgBIAVAD&rclk=1
pakwan center and retuarents in faislabad in Canal Road Pakistan,Haleema pakwan center,+92 324 7279789,https://www.google.com/maps/place/Haleema+pakwan+center/data=!4m7!3m6!1s0x392243d9744045b9:0xd64e73a616b88f0b!8m2!3d31.4406764!4d73.0559556!16s%2Fg%2F11fkm6t6d1!19sChIJuUVAdNlDIjkRC4-4FqZzTtY?authuser=0&hl=en&g_ep=EgoyMDI2MDkwMi4wIJJjKgBIAVAD&rclk=1
pakwan center and retuarents in faislabad in Canal Road Pakistan,Faisalabad Food Pakwan,+92 301 5898718,https://www.google.com/maps/place/Faisalabad+Food+Pakwan/data=!4m7!3m6!1s0x392269b5727d842f:0x38d32b626ce862b2!8m2!3d31.4626123!4d73.1262554!16s%2Fg%2F11j4y5z0ww!19sChIJL4R9crVpIjkRsmLobGIr0zg?authuser=0&hl=en&g_ep=EgoyMDI2MDkwMi4wIJJjKgBIAVAD&rclk=1
pakwan center and retuarents in faislabad in Canal Road Pakistan,Punjab Faisalabad Pakwan,+92 300 6650352,https://www.google.com/maps/place/Punjab+Faisalabad+Pakwan/data=!4m7!3m6!1s0x3922682eaaf1e671:0x73d24dbe92944953!8m2!3d31.4495695!4d73.097496!16s%2Fg%2F11f3rd84f3!19sChIJcebxqi5oIjkRU0mUkr5N0nM?authuser=0&hl=en&g_ep=EgoyMDI2MDkwMi4wIJJjKgBIAVAD&rclk=1
pakwan center and retuarents in faislabad in Canal Road Pakistan,AB Pakwan and Naan Center اے بی پکوان اینڈ نام سنٹر,+92 301 7144299,https://www.google.com/maps/place/AB+Pakwan+and+Naan+Center+%D8%A7%DB%92+%D8%A8%DB%8C+%D9%BE%DA%A9%D9%88%D8%A7%D9%86+%D8%A7%DB%8C%D9%86%DA%88+%D9%86%D8%A7%D9%85+%D8%B3%D9%86%D9%B9%D8%B1%E2%80%AD/data=!4m7!3m6!1s0x39226720d73e8195:0xbf3a9df63828630c!8m2!3d31.4057862!4d73.1476804!16s%2Fg%2F11mv_2c8b_!19sChIJlYE-1yBnIjkRDGMoOPadOr8?authuser=0&hl=en&g_ep=EgoyMDI2MDkwMi4wIJJjKgBIAVAD&rclk=1
pakwan center and retuarents in faislabad in Canal Road Pakistan,Tahir Pakwan Centre,+92 321 7863558,https://www.google.com/maps/place/Tahir+Pakwan+Centre/data=!4m7!3m6!1s0x3922690000fc9f7b:0xb5e4bc6ea62b8dd3!8m2!3d31.4415509!4d73.1338769!16s%2Fg%2F11y78xh2w9!19sChIJe5_8AABpIjkR040rpm685LU?authuser=0&hl=en&g_ep=EgoyMDI2MDkwMi4wIJJjKgBIAVAD&rclk=1
pakwan center and retuarents in faislabad in Canal Road Pakistan,Karachi pakwan and restaurant,+92 328 7000258,https://www.google.com/maps/place/Karachi+pakwan+and+restaurant/data=!4m7!3m6!1s0x39224362d19d6601:0xc2f3466c98e63c2a!8m2!3d31.4493435!4d73.0783284!16s%2Fg%2F11v5g1hqg2!19sChIJAWad0WJDIjkRKjzmmGxG88I?authuser=0&hl=en&g_ep=EgoyMDI2MDkwMi4wIJJjKgBIAVAD&rclk=1
pakwan center and retuarents in faislabad in Canal Road Pakistan,Awan Frozen Food and Pakwan center,+92 300 7901862,https://www.google.com/maps/place/Awan+Frozen+Food+and+Pakwan+center/data=!4m7!3m6!1s0x392243263b85b8e7:0x690820a7c6cb452c!8m2!3d31.4179584!4d73.0824704!16s%2Fg%2F11k548xj8m!19sChIJ57iFOyZDIjkRLEXLxqcgCGk?authuser=0&hl=en&g_ep=EgoyMDI2MDkwMi4wIJJjKgBIAVAD&rclk=1
pakwan center and retuarents in faislabad in Canal Road Pakistan,Bola pakwan center,Not Found,https://www.google.com/maps/place/Bola+pakwan+center/data=!4m7!3m6!1s0x3922430003172919:0x7c4cdcc79ca91d78!8m2!3d31.4448657!4d73.040725!16s%2Fg%2F11ycbhxmfx!19sChIJGSkXAwBDIjkReB2pnMfcTHw?authuser=0&hl=en&g_ep=EgoyMDI2MDkwMi4wIJJjKgBIAVAD&rclk=1
pakwan center and retuarents in faislabad in Canal Road Pakistan,Haq Bahu Pakwan Centre and salon,+92 300 7941005,https://www.google.com/maps/place/Haq+Bahu+Pakwan+Centre+and+salon/data=!4m7!3m6!1s0x392265dd8da2c78d:0xec85384b4d6542eb!8m2!3d31.3905456!4d73.1897535!16s%2Fg%2F12mkzzmch!19sChIJjceijd1lIjkR60JlTUs4hew?authuser=0&hl=en&g_ep=EgoyMDI2MDkwMi4wIJJjKgBIAVAD&rclk=1
pakwan center and retuarents in faislabad in Canal Road Pakistan,Baba Nagi BBQ and Pakwan center,+92 300 5526071,https://www.google.com/maps/place/Baba+Nagi+BBQ+and+Pakwan+center/data=!4m7!3m6!1s0x3922690051c6e5ff:0x6572cb179ca80089!8m2!3d31.4707374!4d73.1613478!16s%2Fg%2F11wbp33g0v!19sChIJ_-XGUQBpIjkRiQConBfLcmU?authuser=0&hl=en&g_ep=EgoyMDI2MDkwMi4wIJJjKgBIAVAD&rclk=1
pakwan center and retuarents in faislabad in Canal Road Pakistan,Bismillah pakwan Center and tikka shop,+92 304 7928415,https://www.google.com/maps/place/Bismillah+pakwan+Center+and+tikka+shop/data=!4m7!3m6!1s0x392267a9c6e8fa97:0x7d45636adf61a855!8m2!3d31.3844994!4d73.0921248!16s%2Fg%2F11twh9d_lb!19sChIJl_roxqlnIjkRVahh32pjRX0?authuser=0&hl=en&g_ep=EgoyMDI2MDkwMi4wIJJjKgBIAVAD&rclk=1
pakwan center and retuarents in faislabad in Canal Road Pakistan,Luxe Continental,+92 327 4141333,https://www.google.com/maps/place/Luxe+Continental/data=!4m7!3m6!1s0x3922690011fbbc0b:0x6a758e80a5502355!8m2!3d31.4504862!4d73.1532581!16s%2Fg%2F11mrdkmcyc!19sChIJC7z7EQBpIjkRVSNQpYCOdWo?authuser=0&hl=en&g_ep=EgoyMDI2MDkwMi4wIJJjKgBIAVAD&rclk=1
pakwan center and retuarents in faislabad in Canal Road Pakistan,Shahzaib pakwan center,+92 301 7193147,https://www.google.com/maps/place/Shahzaib+pakwan+center/data=!4m7!3m6!1s0x3922671d7518a541:0x5002dbbdcc49d9d2!8m2!3d31.3908846!4d73.1049384!16s%2Fg%2F11pg7fg_4y!19sChIJQaUYdR1nIjkR0tlJzL3bAlA?authuser=0&hl=en&g_ep=EgoyMDI2MDkwMi4wIJJjKgBIAVAD&rclk=1
pakwan center and retuarents in faislabad in Canal Road Pakistan,Farooq Pakwan And Catering,+92 306 7152253,https://www.google.com/maps/place/Farooq+Pakwan+And+Catering/data=!4m7!3m6!1s0x39225d1189de69a5:0x65930331a1508ac2!8m2!3d31.36849!4d73.065062!16s%2Fg%2F11g0ms3xpc!19sChIJpWneiRFdIjkRwopQoTEDk2U?authuser=0&hl=en&g_ep=EgoyMDI2MDkwMi4wIJJjKgBIAVAD&rclk=1
pakwan center and retuarents in faislabad in Canal Road Pakistan,Royal Taste BBQ & Pakwan Center,+92 323 7674736,https://www.google.com/maps/place/Royal+Taste+BBQ+%26+Pakwan+Center/data=!4m7!3m6!1s0x392268931528b111:0x8c3e1f02127d4209!8m2!3d31.4279917!4d73.1519398!16s%2Fg%2F11g69zlhv6!19sChIJEbEoFZNoIjkRCUJ9EgIfPow?authuser=0&hl=en&g_ep=EgoyMDI2MDkwMi4wIJJjKgBIAVAD&rclk=1
pakwan center and retuarents in faislabad in Civil Lines Pakistan,Chiniot Pakwan Center,+92 300 8969674,https://www.google.com/maps/place/Chiniot+Pakwan+Center/data=!4m7!3m6!1s0x392243006526e699:0x9781e55416213fce!8m2!3d31.4573631!4d73.0748732!16s%2Fg%2F11wr440ccp!19sChIJmeYmZQBDIjkRzj8hFlTlgZc?authuser=0&hl=en&g_ep=EgoyMDI2MDkwMi4wIJJjKgBIAVAD&rclk=1
pakwan center and retuarents in faislabad in Civil Lines Pakistan,Chiniot Pakwan Centre چنیوٹ پکوان سینٹر,+92 41 8710286,https://www.google.com/maps/place/Chiniot+Pakwan+Centre+%DA%86%D9%86%DB%8C%D9%88%D9%B9+%D9%BE%DA%A9%D9%88%D8%A7%D9%86+%D8%B3%DB%8C%D9%86%D9%B9%D8%B1%E2%80%AD/data=!4m7!3m6!1s0x392268696be78159:0x104e9a92ee0e8214!8m2!3d31.4220417!4d73.1184031!16s%2Fg%2F12mkwb54n!19sChIJWYHna2loIjkRFIIO7pKaThA?authuser=0&hl=en&g_ep=EgoyMDI2MDkwMi4wIJJjKgBIAVAD&rclk=1
pakwan center and retuarents in faislabad in Civil Lines Pakistan,Ayan chiniot pakwan center faisalabad,+92 309 2588810,https://www.google.com/maps/place/Ayan+chiniot+pakwan+center+faisalabad/data=!4m7!3m6!1s0x392269c26b3ec099:0xce7e7718332a4594!8m2!3d31.4471872!4d73.1584045!16s%2Fg%2F11vcn9v7g2!19sChIJmcA-a8JpIjkRlEUqMxh3fs4?authuser=0&hl=en&g_ep=EgoyMDI2MDkwMi4wIJJjKgBIAVAD&rclk=1
pakwan center and retuarents in faislabad in Civil Lines Pakistan,Subhan Pakwan Center,+92 321 6665153,https://www.google.com/maps/place/Subhan+Pakwan+Center/data=!4m7!3m6!1s0x392243442965df3f:0x9496c273e287a6e7!8m2!3d31.4086928!4d73.0709058!16s%2Fg%2F11ssfv1szx!19sChIJP99lKURDIjkR56aH4nPClpQ?authuser=0&hl=en&g_ep=EgoyMDI2MDkwMi4wIJJjKgBIAVAD&rclk=1
pakwan center and retuarents in faislabad in Civil Lines Pakistan,Chiniot Pakwan Chen One Road,+92 301 8662258,https://www.google.com/maps/place/Chiniot+Pakwan+Chen+One+Road/data=!4m7!3m6!1s0x3922694a98136571:0x775bbd1709e561e3!8m2!3d31.410283!4d73.1020667!16s%2Fg%2F11qbr8tc4f!19sChIJcWUTmEppIjkR42HlCRe9W3c?authuser=0&hl=en&g_ep=EgoyMDI2MDkwMi4wIJJjKgBIAVAD&rclk=1
pakwan center and retuarents in faislabad in Civil Lines Pakistan,Mustafai Pakwan Center,+92 300 6646879,https://www.google.com/maps/place/Mustafai+Pakwan+Center/data=!4m7!3m6!1s0x39226831e9cf0425:0xad411f5ddac70210!8m2!3d31.4394244!4d73.0995559!16s%2Fg%2F11c586zrm7!19sChIJJQTP6TFoIjkREALH2l0fQa0?authuser=0&hl=en&g_ep=EgoyMDI2MDkwMi4wIJJjKgBIAVAD&rclk=1
pakwan center and retuarents in faislabad in Civil Lines Pakistan,Chiniot Pakwan Centre,+92 300 7220788,https://www.google.com/maps/place/Chiniot+Pakwan+Centre/data=!4m7!3m6!1s0x392267fcbf5b3693:0x36e4c6911bf21056!8m2!3d31.4067094!4d73.0991584!16s%2Fg%2F1jkxvy2_t!19sChIJkzZbv_xnIjkRVhDyG5HG5DY?authuser=0&hl=en&g_ep=EgoyMDI2MDkwMi4wIJJjKgBIAVAD&rclk=1
pakwan center and retuarents in faislabad in Civil Lines Pakistan,Chiniot Food Pakwan Chen One Road Near Government Baker Faisalabad,+92 300 8545532,https://www.google.com/maps/place/Chiniot+Food+Pakwan+Chen+One+Road+Near+Government+Baker+Faisalabad/data=!4m7!3m6!1s0x39226811c542493f:0x33af3308e49755ff!8m2!3d31.4125459!4d73.1041383!16s%2Fg%2F11cs1cb2lk!19sChIJP0lCxRFoIjkR_1WX5AgzrzM?authuser=0&hl=en&g_ep=EgoyMDI2MDkwMi4wIJJjKgBIAVAD&rclk=1
pakwan center and retuarents in faislabad in Civil Lines Pakistan,Chiniot Pakwan center,Not Found,https://www.google.com/maps/place/Chiniot+Pakwan+center/data=!4m7!3m6!1s0x39225d0064078887:0x10f3657c634c5392!8m2!3d31.3910445!4d73.0714279!16s%2Fg%2F11x_69qsnn!19sChIJh4gHZABdIjkRklNMY3xl8xA?authuser=0&hl=en&g_ep=EgoyMDI2MDkwMi4wIJJjKgBIAVAD&rclk=1
pakwan center and retuarents in faislabad in Civil Lines Pakistan,Pak Verowall Pakwan,+92 339 2920003,https://www.google.com/maps/place/Pak+Verowall+Pakwan/data=!4m7!3m6!1s0x3922429575d8ee81:0xf38ec9498b44923e!8m2!3d31.4200497!4d73.0669708!16s%2Fg%2F1vcq5_gt!19sChIJge7YdZVCIjkRPpJEi0nJjvM?authuser=0&hl=en&g_ep=EgoyMDI2MDkwMi4wIJJjKgBIAVAD&rclk=1
pakwan center and retuarents in faislabad in Civil Lines Pakistan,HAIDERY PAKWAN CENTER & CATERING SERVICES,+92 303 8901490,https://www.google.com/maps/place/HAIDERY+PAKWAN+CENTER+%26+CATERING+SERVICES/data=!4m7!3m6!1s0x392243ddc9507449:0x41c8204245f63866!8m2!3d31.4386457!4d73.0404275!16s%2Fg%2F11q8gb3frz!19sChIJSXRQyd1DIjkRZjj2RUIgyEE?authuser=0&hl=en&g_ep=EgoyMDI2MDkwMi4wIJJjKgBIAVAD&rclk=1
pakwan center and retuarents in faislabad in Civil Lines Pakistan,Super Chiniot Pakwan Center,+92 322 7821778,https://www.google.com/maps/place/Super+Chiniot+Pakwan+Center/data=!4m7!3m6!1s0x3922690c01071111:0x76e70d38a9584809!8m2!3d31.4223278!4d73.1327721!16s%2Fg%2F11sb9lyvqx!19sChIJEREHAQxpIjkRCUhYqTgN53Y?authuser=0&hl=en&g_ep=EgoyMDI2MDkwMi4wIJJjKgBIAVAD&rclk=1
pakwan center and retuarents in faislabad in Civil Lines Pakistan,Abdullah Pakwan Center,+92 306 7021737,https://www.google.com/maps/place/Abdullah+Pakwan+Center/data=!4m7!3m6!1s0x39225d7a9e48aa67:0x15590da79948a269!8m2!3d31.3683569!4d73.0655116!16s%2Fg%2F11sgyy6gyw!19sChIJZ6pInnpdIjkRaaJImacNWRU?authuser=0&hl=en&g_ep=EgoyMDI2MDkwMi4wIJJjKgBIAVAD&rclk=1
pakwan center and retuarents in faislabad in Civil Lines Pakistan,Khayyam,+92 306 1636345,https://www.google.com/maps/place/Khayyam/data=!4m7!3m6!1s0x39224282d53685cd:0x933a703cfc2f6763!8m2!3d31.4330541!4d73.0839095!16s%2Fg%2F11cn8sf660!19sChIJzYU21YJCIjkRY2cv_DxwOpM?authuser=0&hl=en&g_ep=EgoyMDI2MDkwMi4wIJJjKgBIAVAD&rclk=1
pakwan center and retuarents in faislabad in Civil Lines Pakistan,Pakwan Centre,+92 41 5543260,https://www.google.com/maps/place/Pakwan+Centre/data=!4m7!3m6!1s0x392268781d732795:0xd3beef415b87ccfe!8m2!3d31.4052519!4d73.1232327!16s%2Fg%2F12mkw94s_!19sChIJlSdzHXhoIjkR_syHW0HvvtM?authuser=0&hl=en&g_ep=EgoyMDI2MDkwMi4wIJJjKgBIAVAD&rclk=1
pakwan center and retuarents in faislabad in Civil Lines Pakistan,Jani pakwan center,+92 300 9664026,https://www.google.com/maps/place/Jani+pakwan+center/data=!4m7!3m6!1s0x39224592e2f70201:0x98e29f82fe7f2d90!8m2!3d31.4552326!4d73.0804424!16s%2Fg%2F11vc0s7zn8!19sChIJAQL34pJFIjkRkC1__oKf4pg?authuser=0&hl=en&g_ep=EgoyMDI2MDkwMi4wIJJjKgBIAVAD&rclk=1
pakwan center and retuarents in faislabad in Civil Lines Pakistan,Kashmiri Pakwan,+92 344 4477448,https://www.google.com/maps/place/Kashmiri+Pakwan/data=!4m7!3m6!1s0x392269bb80051d43:0x582d8e39c6e56093!8m2!3d31.4111875!4d73.1030625!16s%2Fg%2F11w8q33kyl!19sChIJQx0FgLtpIjkRk2DlxjmOLVg?authuser=0&hl=en&g_ep=EgoyMDI2MDkwMi4wIJJjKgBIAVAD&rclk=1
pakwan center and retuarents in faislabad in Civil Lines Pakistan,Faisalabad Food Pakwan,+92 301 5898718,https://www.google.com/maps/place/Faisalabad+Food+Pakwan/data=!4m7!3m6!1s0x392269b5727d842f:0x38d32b626ce862b2!8m2!3d31.4626123!4d73.1262554!16s%2Fg%2F11j4y5z0ww!19sChIJL4R9crVpIjkRsmLobGIr0zg?authuser=0&hl=en&g_ep=EgoyMDI2MDkwMi4wIJJjKgBIAVAD&rclk=1
pakwan center and retuarents in faislabad in Civil Lines Pakistan,Punjab Pakwan Center,+92 305 6443314,https://www.google.com/maps/place/Punjab+Pakwan+Center/data=!4m7!3m6!1s0x39226900763cc513:0x9f103393edab6924!8m2!3d31.4364331!4d73.140945!16s%2Fg%2F11lcysk3qg!19sChIJE8U8dgBpIjkRJGmr7ZMzEJ8?authuser=0&hl=en&g_ep=EgoyMDI2MDkwMi4wIJJjKgBIAVAD&rclk=1
pakwan center and retuarents in faislabad in Civil Lines Pakistan,M Amin pakwan center,+92 307 2457417,https://www.google.com/maps/place/M+Amin+pakwan+center/data=!4m7!3m6!1s0x39226963b233ae8d:0x64025c0e281e4ec4!8m2!3d31.445865!4d73.1158993!16s%2Fg%2F11ht540z46!19sChIJja4zsmNpIjkRxE4eKA5cAmQ?authuser=0&hl=en&g_ep=EgoyMDI2MDkwMi4wIJJjKgBIAVAD&rclk=1
pakwan center and retuarents in faislabad in Civil Lines Pakistan,HAIDERY PAKWAN CENTER,+92 303 8901490,https://www.google.com/maps/place/HAIDERY+PAKWAN+CENTER/data=!4m7!3m6!1s0x3922435953d090ab:0x724e128944d6a5d2!8m2!3d31.4258474!4d73.0643471!16s%2Fg%2F11q8g9_ryy!19sChIJq5DQU1lDIjkR0qXWRIkSTnI?authuser=0&hl=en&g_ep=EgoyMDI2MDkwMi4wIJJjKgBIAVAD&rclk=1
pakwan center and retuarents in faislabad in Civil Lines Pakistan,Danish Pakwan Center,Not Found,https://www.google.com/maps/place/Danish+Pakwan+Center/data=!4m7!3m6!1s0x392243d674c3d01f:0x9fd01bc2b8fb1b6!8m2!3d31.4554563!4d73.0412951!16s%2Fg%2F11h8h3r00j!19sChIJH9DDdNZDIjkRtrGPK7wB_Qk?authuser=0&hl=en&g_ep=EgoyMDI2MDkwMi4wIJJjKgBIAVAD&rclk=1
pakwan center and retuarents in faislabad in Civil Lines Pakistan,Sundar Pakwan And Catering Service,+92 301 5843317,https://www.google.com/maps/place/Sundar+Pakwan+And+Catering+Service/data=!4m7!3m6!1s0x392269d02bc5818f:0x489402b6fb7cf6a6!8m2!3d31.453546!4d73.0993436!16s%2Fg%2F11cm48h41q!19sChIJj4HFK9BpIjkRpvZ8-7YClEg?authuser=0&hl=en&g_ep=EgoyMDI2MDkwMi4wIJJjKgBIAVAD&rclk=1
pakwan center and retuarents in faislabad in Civil Lines Pakistan,صوفی ناشتہ پوائنٹ اینڈ پکوان سینٹر,+92 307 7910962,https://www.google.com/maps/place/%D8%B5%D9%88%D9%81%DB%8C+%D9%86%D8%A7%D8%B4%D8%AA%DB%81+%D9%BE%D9%88%D8%A7%D8%A6%D9%86%D9%B9+%D8%A7%DB%8C%D9%86%DA%88+%D9%BE%DA%A9%D9%88%D8%A7%D9%86+%D8%B3%DB%8C%D9%86%D9%B9%D8%B1%E2%80%AD/data=!4m7!3m6!1s0x392269917250f6d5:0xc5d784c174adbe6b!8m2!3d31.458983!4d73.1385321!16s%2Fg%2F11x02j2s4c!19sChIJ1fZQcpFpIjkRa76tdMGE18U?authuser=0&hl=en&g_ep=EgoyMDI2MDkwMi4wIJJjKgBIAVAD&rclk=1
pakwan center and retuarents in faislabad in Civil Lines Pakistan,Shahzaib pakwan center,+92 301 7193147,https://www.google.com/maps/place/Shahzaib+pakwan+center/data=!4m7!3m6!1s0x3922671d7518a541:0x5002dbbdcc49d9d2!8m2!3d31.3908846!4d73.1049384!16s%2Fg%2F11pg7fg_4y!19sChIJQaUYdR1nIjkR0tlJzL3bAlA?authuser=0&hl=en&g_ep=EgoyMDI2MDkwMi4wIJJjKgBIAVAD&rclk=1
pakwan center and retuarents in faislabad in Civil Lines Pakistan,Royal Taste BBQ & Pakwan Center,+92 323 7674736,https://www.google.com/maps/place/Royal+Taste+BBQ+%26+Pakwan+Center/data=!4m7!3m6!1s0x392268931528b111:0x8c3e1f02127d4209!8m2!3d31.4279917!4d73.1519398!16s%2Fg%2F11g69zlhv6!19sChIJEbEoFZNoIjkRCUJ9EgIfPow?authuser=0&hl=en&g_ep=EgoyMDI2MDkwMi4wIJJjKgBIAVAD&rclk=1
pakwan center and retuarents in faislabad in Civil Lines Pakistan,Pak Verowall Dera Restaurant,+92 339 2920004,https://www.google.com/maps/place/Pak+Verowall+Dera+Restaurant/data=!4m7!3m6!1s0x39226997dd3e8287:0x524ef995bb45a213!8m2!3d31.4372705!4d73.1308613!16s%2Fg%2F11kpyt1chx!19sChIJh4I-3ZdpIjkRE6JFu5X5TlI?authuser=0&hl=en&g_ep=EgoyMDI2MDkwMi4wIJJjKgBIAVAD&rclk=1
pakwan center and retuarents in faislabad in Civil Lines Pakistan,Khayyam- The Food Pavilion,+92 301 2266642,https://www.google.com/maps/place/Khayyam-+The+Food+Pavilion/data=!4m7!3m6!1s0x392269006e20665d:0x38a71a07d3d5c9a6!8m2!3d31.4563229!4d73.16226!16s%2Fg%2F11wqqk37jq!19sChIJXWYgbgBpIjkRpsnV0wcapzg?authuser=0&hl=en&g_ep=EgoyMDI2MDkwMi4wIJJjKgBIAVAD&rclk=1
pakwan center and retuarents in faislabad in Civil Lines Pakistan,KFC | Civil Lines,+92 41 111 532 532,https://www.google.com/maps/place/KFC+%7C+Civil+Lines/data=!4m7!3m6!1s0x3922429b4dfd57a1:0xfec1fe8631b14862!8m2!3d31.4316665!4d73.0810179!16s%2Fg%2F11hcdwmq1r!19sChIJoVf9TZtCIjkRYkixMYb-wf4?authuser=0&hl=en&g_ep=EgoyMDI2MDkwMi4wIJJjKgBIAVAD&rclk=1
pakwan center and retuarents in faislabad in Civil Lines Pakistan,Zam Zam Restaurant Desi & Continental Cuisine,+92 321 6009003,https://www.google.com/maps/place/Zam+Zam+Restaurant+Desi+%26+Continental+Cuisine/data=!4m7!3m6!1s0x3922691d1bcb34bf:0x6d44f898dc90d2cc!8m2!3d31.4127082!4d73.1162345!16s%2Fg%2F11m5kc4fyr!19sChIJvzTLGx1pIjkRzNKQ3Jj4RG0?authuser=0&hl=en&g_ep=EgoyMDI2MDkwMi4wIJJjKgBIAVAD&rclk=1
pakwan center and retuarents in faislabad in Civil Lines Pakistan,Food valley karahi tikka,+92 300 3132540,https://www.google.com/maps/place/Food+valley+karahi+tikka/data=!4m7!3m6!1s0x392243de0ce1cbc1:0x3fb0ae00ea16c137!8m2!3d31.4556147!4d73.0751481!16s%2Fg%2F11n08nn2xr!19sChIJwcvhDN5DIjkRN8EW6gCusD8?authuser=0&hl=en&g_ep=EgoyMDI2MDkwMi4wIJJjKgBIAVAD&rclk=1
pakwan center and retuarents in faislabad in Civil Lines Pakistan,CP Five Star,+92 41 5477669,https://www.google.com/maps/place/CP+Five+Star/data=!4m7!3m6!1s0x392269002debeebb:0x7e4b080fb69317dc!8m2!3d31.4107022!4d73.1192996!16s%2Fg%2F11xctmclh1!19sChIJu-7rLQBpIjkR3BeTtg8IS34?authuser=0&hl=en&g_ep=EgoyMDI2MDkwMi4wIJJjKgBIAVAD&rclk=1
pakwan center and retuarents in faislabad in Civil Lines Pakistan,Farzand Foods Centre,+92 300 6659840,https://www.google.com/maps/place/Farzand+Foods+Centre/data=!4m7!3m6!1s0x392242f8344398ef:0x10adf8ed8f79d906!8m2!3d31.4363835!4d73.0510689!16s%2Fg%2F1v2jb9n8!19sChIJ75hDNPhCIjkRBtl5j-34rRA?authuser=0&hl=en&g_ep=EgoyMDI2MDkwMi4wIJJjKgBIAVAD&rclk=1
pakwan center and retuarents in faislabad in Civil Lines Pakistan,Cafe Nova,+92 303 9663333,https://www.google.com/maps/place/Cafe+Nova/data=!4m7!3m6!1s0x392269fe2012553f:0xf47b3055de248739!8m2!3d31.4553696!4d73.1601822!16s%2Fg%2F11yldbzdjn!19sChIJP1USIP5pIjkROYck3lUwe_Q?authuser=0&hl=en&g_ep=EgoyMDI2MDkwMi4wIJJjKgBIAVAD&rclk=1
pakwan center and retuarents in faislabad in Civil Lines Pakistan,Papa Johns Pizza,+92 42 111 117 272,https://www.google.com/maps/place/Papa+Johns+Pizza/data=!4m7!3m6!1s0x3922435e60a1a98d:0x1d2f9569eee9ba68!8m2!3d31.432833!4d73.080417!16s%2Fg%2F11jzckwpgm!19sChIJjamhYF5DIjkRaLrp7mmVLx0?authuser=0&hl=en&g_ep=EgoyMDI2MDkwMi4wIJJjKgBIAVAD&rclk=1
pakwan center and retuarents in faislabad in Civil Lines Pakistan,Masala House,+92 321 1112565,https://www.google.com/maps/place/Masala+House/data=!4m7!3m6!1s0x3922690f7df0b091:0x5550629312f17349!8m2!3d31.4313539!4d73.1229675!16s%2Fg%2F11vsh8lcdm!19sChIJkbDwfQ9pIjkRSXPxEpNiUFU?authuser=0&hl=en&g_ep=EgoyMDI2MDkwMi4wIJJjKgBIAVAD&rclk=1
pakwan center and retuarents in faislabad in Civil Lines Pakistan,Fine Dine - Best Restaurant in Faisalabad,+92 301 7864478,https://www.google.com/maps/place/Fine+Dine+-+Best+Restaurant+in+Faisalabad/data=!4m7!3m6!1s0x392269a47a89afb5:0x13f86395b472f432!8m2!3d31.4225101!4d73.1181446!16s%2Fg%2F11p0zmjyq6!19sChIJta-JeqRpIjkRMvRytJVj-BM?authuser=0&hl=en&g_ep=EgoyMDI2MDkwMi4wIJJjKgBIAVAD&rclk=1
pakwan center and retuarents in faislabad in Civil Lines Pakistan,Chiniot Palace Restaurant,+92 309 6161695,https://www.google.com/maps/place/Chiniot+Palace+Restaurant/data=!4m7!3m6!1s0x392269148b202daf:0xc76769f6c6ae5c0e!8m2!3d31.4080806!4d73.1188132!16s%2Fg%2F11h4tmz5jq!19sChIJry0gixRpIjkRDlyuxvZpZ8c?authuser=0&hl=en&g_ep=EgoyMDI2MDkwMi4wIJJjKgBIAVAD&rclk=1
pakwan center and retuarents in faislabad in Civil Lines Pakistan,ADVANCE CHANIOT PAKWAN,+92 41 8457002,https://www.google.com/maps/place/ADVANCE+CHANIOT+PAKWAN/data=!4m7!3m6!1s0x392243f175df336d:0x180b68c6e1d2e158!8m2!3d31.4628492!4d73.0721018!16s%2Fg%2F11hd8vcwl7!19sChIJbTPfdfFDIjkRWOHS4cZoCxg?authuser=0&hl=en&g_ep=EgoyMDI2MDkwMi4wIJJjKgBIAVAD&rclk=1
pakwan center and retuarents in faislabad in Civil Lines Pakistan,Baba Tikkah,+92 41 111 161 616,https://www.google.com/maps/place/Baba+Tikkah/data=!4m7!3m6!1s0x3922680b8518a8c3:0xa3bf338ba636e9d7!8m2!3d31.4075552!4d73.1077541!16s%2Fg%2F1tvgsqy4!19sChIJw6gYhQtoIjkR1-k2poszv6M?authuser=0&hl=en&g_ep=EgoyMDI2MDkwMi4wIJJjKgBIAVAD&rclk=1
pakwan center and retuarents in faislabad in Civil Lines Pakistan,Baba Tikkah Kohinoor Branch,+92 41 111 161 616,https://www.google.com/maps/place/Baba+Tikkah+Kohinoor+Branch/data=!4m7!3m6!1s0x3922687272fdec03:0xa4eaad832ff9688e!8m2!3d31.4139375!4d73.1155625!16s%2Fg%2F11gb3ppk3m!19sChIJA-z9cnJoIjkRjmj5L4Ot6qQ?authuser=0&hl=en&g_ep=EgoyMDI2MDkwMi4wIJJjKgBIAVAD&rclk=1
pakwan center and retuarents in faislabad in Civil Lines Pakistan,Baba Tikkah Canal Road Branch,+92 41 8524222,https://www.google.com/maps/place/Baba+Tikkah+Canal+Road+Branch/data=!4m7!3m6!1s0x3922691982005ff5:0x9bb06e3adeda9785!8m2!3d31.4530097!4d73.1569367!16s%2Fg%2F11tncygn56!19sChIJ9V8AghlpIjkRhZfa3jpusJs?authuser=0&hl=en&g_ep=EgoyMDI2MDkwMi4wIJJjKgBIAVAD&rclk=1
pakwan center and retuarents in faislabad in Civil Lines Pakistan,Biryani Center,+92 302 8862692,https://www.google.com/maps/place/Biryani+Center/data=!4m7!3m6!1s0x392243d4ef58f809:0x515f7825a4512ecb!8m2!3d31.4053381!4d73.0573817!16s%2Fg%2F11zh8xc0z_!19sChIJCfhY79RDIjkRyy5RpCV4X1E?authuser=0&hl=en&g_ep=EgoyMDI2MDkwMi4wIJJjKgBIAVAD&rclk=1
pakwan center and retuarents in faislabad in Civil Lines Pakistan,Portobello,+92 41 8555583,https://www.google.com/maps/place/Portobello/data=!4m7!3m6!1s0x3922687160e68413:0x3178ac517dacf5d!8m2!3d31.412151!4d73.1159849!16s%2Fg%2F1pp2wylsv!19sChIJE4TmYHFoIjkRXc_aF8WKFwM?authuser=0&hl=en&g_ep=EgoyMDI2MDkwMi4wIJJjKgBIAVAD&rclk=1
pakwan center and retuarents in faislabad in Civil Lines Pakistan,Homemade Cuisine Gluten Free,+92 349 2071429,https://www.google.com/maps/place/Homemade+Cuisine+Gluten+Free/data=!4m7!3m6!1s0x39226902d06ba327:0xe88c86cd78187a6a!8m2!3d31.4019596!4d73.105208!16s%2Fg%2F11yd1y2cgc!19sChIJJ6Nr0AJpIjkRanoYeM2GjOg?authuser=0&hl=en&g_ep=EgoyMDI2MDkwMi4wIJJjKgBIAVAD&rclk=1
pakwan center and retuarents in faislabad in Civil Lines Pakistan,Punjab Zaiqa Restaurant (Mian Amjad),+92 300231313,https://www.google.com/maps/place/Punjab+Zaiqa+Restaurant+%28Mian+Amjad%29/data=!4m7!3m6!1s0x392269739214fff7:0xbfa9e5a3ddfb3381!8m2!3d31.4560831!4d73.0895961!16s%2Fg%2F11ptvb3bk4!19sChIJ9_8UknNpIjkRgTP73aPlqb8?authuser=0&hl=en&g_ep=EgoyMDI2MDkwMi4wIJJjKgBIAVAD&rclk=1
pakwan center and retuarents in faislabad in Civil Lines Pakistan,Pehalwan Foods,+92 316 7033943,https://www.google.com/maps/place/Pehalwan+Foods/data=!4m7!3m6!1s0x3922673f80e09d5d:0xdcacc59f683973f1!8m2!3d31.3938411!4d73.1168052!16s%2Fg%2F11tf7jhfx5!19sChIJXZ3ggD9nIjkR8XM5aJ_FrNw?authuser=0&hl=en&g_ep=EgoyMDI2MDkwMi4wIJJjKgBIAVAD&rclk=1
pakwan center and retuarents in faislabad in Samundri Road Pakistan,Chiniot Pakwan Center,Not Found,https://www.google.com/maps/place/Chiniot+Pakwan+Center/data=!4m7!3m6!1s0x392243006526e699:0x9781e55416213fce!8m2!3d31.4573631!4d73.0748732!16s%2Fg%2F11wr440ccp!19sChIJmeYmZQBDIjkRzj8hFlTlgZc?authuser=0&hl=en&g_ep=EgoyMDI2MDkwMi4wIJJjKgBIAVAD&rclk=1
pakwan center and retuarents in faislabad in Samundri Road Pakistan,Ayan chiniot pakwan center faisalabad,+92 309 2588810,https://www.google.com/maps/place/Ayan+chiniot+pakwan+center+faisalabad/data=!4m7!3m6!1s0x392269c26b3ec099:0xce7e7718332a4594!8m2!3d31.4471872!4d73.1584045!16s%2Fg%2F11vcn9v7g2!19sChIJmcA-a8JpIjkRlEUqMxh3fs4?authuser=0&hl=en&g_ep=EgoyMDI2MDkwMi4wIJJjKgBIAVAD&rclk=1
pakwan center and retuarents in faislabad in Samundri Road Pakistan,Chiniot Pakwan Centre چنیوٹ پکوان سینٹر,+92 41 8710286,https://www.google.com/maps/place/Chiniot+Pakwan+Centre+%DA%86%D9%86%DB%8C%D9%88%D9%B9+%D9%BE%DA%A9%D9%88%D8%A7%D9%86+%D8%B3%DB%8C%D9%86%D9%B9%D8%B1%E2%80%AD/data=!4m7!3m6!1s0x392268696be78159:0x104e9a92ee0e8214!8m2!3d31.4220417!4d73.1184031!16s%2Fg%2F12mkwb54n!19sChIJWYHna2loIjkRFIIO7pKaThA?authuser=0&hl=en&g_ep=EgoyMDI2MDkwMi4wIJJjKgBIAVAD&rclk=1
pakwan center and retuarents in faislabad in Samundri Road Pakistan,Super Chiniot Pakwan Center,+92 322 7821778,https://www.google.com/maps/place/Super+Chiniot+Pakwan+Center/data=!4m7!3m6!1s0x3922690c01071111:0x76e70d38a9584809!8m2!3d31.4223278!4d73.1327721!16s%2Fg%2F11sb9lyvqx!19sChIJEREHAQxpIjkRCUhYqTgN53Y?authuser=0&hl=en&g_ep=EgoyMDI2MDkwMi4wIJJjKgBIAVAD&rclk=1
pakwan center and retuarents in faislabad in Samundri Road Pakistan,Subhan Pakwan Center,+92 321 6665153,https://www.google.com/maps/place/Subhan+Pakwan+Center/data=!4m7!3m6!1s0x392243442965df3f:0x9496c273e287a6e7!8m2!3d31.4086928!4d73.0709058!16s%2Fg%2F11ssfv1szx!19sChIJP99lKURDIjkR56aH4nPClpQ?authuser=0&hl=en&g_ep=EgoyMDI2MDkwMi4wIJJjKgBIAVAD&rclk=1
pakwan center and retuarents in faislabad in Samundri Road Pakistan,HAIDERY PAKWAN CENTER & CATERING SERVICES,+92 303 8901490,https://www.google.com/maps/place/HAIDERY+PAKWAN+CENTER+%26+CATERING+SERVICES/data=!4m7!3m6!1s0x392243ddc9507449:0x41c8204245f63866!8m2!3d31.4386457!4d73.0404275!16s%2Fg%2F11q8gb3frz!19sChIJSXRQyd1DIjkRZjj2RUIgyEE?authuser=0&hl=en&g_ep=EgoyMDI2MDkwMi4wIJJjKgBIAVAD&rclk=1
pakwan center and retuarents in faislabad in Samundri Road Pakistan,Pakwan Centre,+92 41 5543260,https://www.google.com/maps/place/Pakwan+Centre/data=!4m7!3m6!1s0x392268781d732795:0xd3beef415b87ccfe!8m2!3d31.4052519!4d73.1232327!16s%2Fg%2F12mkw94s_!19sChIJlSdzHXhoIjkR_syHW0HvvtM?authuser=0&hl=en&g_ep=EgoyMDI2MDkwMi4wIJJjKgBIAVAD&rclk=1
pakwan center and retuarents in faislabad in Samundri Road Pakistan,Jani Pakwan Center Samundri Branch,+92 303 0004026,https://www.google.com/maps/place/Jani+Pakwan+Center+Samundri+Branch/data=!4m7!3m6!1s0x39225d0008060505:0xce68d56e227f08e1!8m2!3d31.3520851!4d73.0651277!16s%2Fg%2F11mrx6j5dm!19sChIJBQUGCABdIjkR4Qh_Im7VaM4?authuser=0&hl=en&g_ep=EgoyMDI2MDkwMi4wIJJjKgBIAVAD&rclk=1
pakwan center and retuarents in faislabad in Samundri Road Pakistan,Mustafai Pakwan Center,+92 300 6646879,https://www.google.com/maps/place/Mustafai+Pakwan+Center/data=!4m7!3m6!1s0x39226831e9cf0425:0xad411f5ddac70210!8m2!3d31.4394244!4d73.0995559!16s%2Fg%2F11c586zrm7!19sChIJJQTP6TFoIjkREALH2l0fQa0?authuser=0&hl=en&g_ep=EgoyMDI2MDkwMi4wIJJjKgBIAVAD&rclk=1
pakwan center and retuarents in faislabad in Samundri Road Pakistan,Chiniot Pakwan center,Not Found,https://www.google.com/maps/place/Chiniot+Pakwan+center/data=!4m7!3m6!1s0x39225d0064078887:0x10f3657c634c5392!8m2!3d31.3910445!4d73.0714279!16s%2Fg%2F11x_69qsnn!19sChIJh4gHZABdIjkRklNMY3xl8xA?authuser=0&hl=en&g_ep=EgoyMDI2MDkwMi4wIJJjKgBIAVAD&rclk=1
pakwan center and retuarents in faislabad in Samundri Road Pakistan,Chiniot Pakwan Centre,+92 300 7220788,https://www.google.com/maps/place/Chiniot+Pakwan+Centre/data=!4m7!3m6!1s0x392267fcbf5b3693:0x36e4c6911bf21056!8m2!3d31.4067094!4d73.0991584!16s%2Fg%2F1jkxvy2_t!19sChIJkzZbv_xnIjkRVhDyG5HG5DY?authuser=0&hl=en&g_ep=EgoyMDI2MDkwMi4wIJJjKgBIAVAD&rclk=1
pakwan center and retuarents in faislabad in Samundri Road Pakistan,Bao Aslam Pakwan center Liaqat Town Faisalabad,Not Found,https://www.google.com/maps/place/Bao+Aslam+Pakwan+center+Liaqat+Town+Faisalabad/data=!4m7!3m6!1s0x3922430059cecf41:0x6444c6862812f7df!8m2!3d31.4140787!4d73.0479857!16s%2Fg%2F11y8t73fxn!19sChIJQc_OWQBDIjkR3_cSKIbGRGQ?authuser=0&hl=en&g_ep=EgoyMDI2MDkwMi4wIJJjKgBIAVAD&rclk=1
pakwan center and retuarents in faislabad in Samundri Road Pakistan,Abdullah Pakwan Center,+92 306 7021737,https://www.google.com/maps/place/Abdullah+Pakwan+Center/data=!4m7!3m6!1s0x39225d7a9e48aa67:0x15590da79948a269!8m2!3d31.3683569!4d73.0655116!16s%2Fg%2F11sgyy6gyw!19sChIJZ6pInnpdIjkRaaJImacNWRU?authuser=0&hl=en&g_ep=EgoyMDI2MDkwMi4wIJJjKgBIAVAD&rclk=1
pakwan center and retuarents in faislabad in Samundri Road Pakistan,Punjab Pakwan Center,+92 305 6443314,https://www.google.com/maps/place/Punjab+Pakwan+Center/data=!4m7!3m6!1s0x39226900763cc513:0x9f103393edab6924!8m2!3d31.4364331!4d73.140945!16s%2Fg%2F11lcysk3qg!19sChIJE8U8dgBpIjkRJGmr7ZMzEJ8?authuser=0&hl=en&g_ep=EgoyMDI2MDkwMi4wIJJjKgBIAVAD&rclk=1
pakwan center and retuarents in faislabad in Samundri Road Pakistan,Qadria Pakwan Center,+92 300 0658053,https://www.google.com/maps/place/Qadria+Pakwan+Center/data=!4m7!3m6!1s0x3922691ed8810469:0x6efab7763165d036!8m2!3d31.4369559!4d73.1163881!16s%2Fg%2F11qq5wddsx!19sChIJaQSB2B5pIjkRNtBlMXa3-m4?authuser=0&hl=en&g_ep=EgoyMDI2MDkwMi4wIJJjKgBIAVAD&rclk=1
pakwan center and retuarents in faislabad in Samundri Road Pakistan,M Amin pakwan center,+92 307 2457417,https://www.google.com/maps/place/M+Amin+pakwan+center/data=!4m7!3m6!1s0x39226963b233ae8d:0x64025c0e281e4ec4!8m2!3d31.445865!4d73.1158993!16s%2Fg%2F11ht540z46!19sChIJja4zsmNpIjkRxE4eKA5cAmQ?authuser=0&hl=en&g_ep=EgoyMDI2MDkwMi4wIJJjKgBIAVAD&rclk=1
pakwan center and retuarents in faislabad in Samundri Road Pakistan,Chiniot Pakwan Center,+92 300 7512076,https://www.google.com/maps/place/Chiniot+Pakwan+Center/data=!4m7!3m6!1s0x392269bb8165b51f:0x3ced2630832d7e87!8m2!3d31.4248958!4d73.1349982!16s%2Fg%2F11zf2gd_hr!19sChIJH7VlgbtpIjkRh34tgzAm7Tw?authuser=0&hl=en&g_ep=EgoyMDI2MDkwMi4wIJJjKgBIAVAD&rclk=1
pakwan center and retuarents in faislabad in Samundri Road Pakistan,Queen’s Pakwan Centre,Not Found,https://www.google.com/maps/place/Queen%E2%80%99s+Pakwan+Centre/data=!4m7!3m6!1s0x39226f4dd7848ae1:0x61d7b6c7590a591!8m2!3d31.4621311!4d73.1864564!16s%2Fg%2F11sx0f374d!19sChIJ4YqE101vIjkRkaWQdWx7HQY?authuser=0&hl=en&g_ep=EgoyMDI2MDkwMi4wIJJjKgBIAVAD&rclk=1
pakwan center and retuarents in faislabad in Samundri Road Pakistan,Jani pakwan center,+92 300 9664026,https://www.google.com/maps/place/Jani+pakwan+center/data=!4m7!3m6!1s0x39224592e2f70201:0x98e29f82fe7f2d90!8m2!3d31.4552326!4d73.0804424!16s%2Fg%2F11vc0s7zn8!19sChIJAQL34pJFIjkRkC1__oKf4pg?authuser=0&hl=en&g_ep=EgoyMDI2MDkwMi4wIJJjKgBIAVAD&rclk=1
pakwan center and retuarents in faislabad in Samundri Road Pakistan,Chiniot Food Pakwan Chen One Road Near Government Baker Faisalabad,+92 300 8545532,https://www.google.com/maps/place/Chiniot+Food+Pakwan+Chen+One+Road+Near+Government+Baker+Faisalabad/data=!4m7!3m6!1s0x39226811c542493f:0x33af3308e49755ff!8m2!3d31.4125459!4d73.1041383!16s%2Fg%2F11cs1cb2lk!19sChIJP0lCxRFoIjkR_1WX5AgzrzM?authuser=0&hl=en&g_ep=EgoyMDI2MDkwMi4wIJJjKgBIAVAD&rclk=1
pakwan center and retuarents in faislabad in Samundri Road Pakistan,Chiniot Food Pakwan Chen One Road Near Government Baker Faisalabad,+92 300 8545532,https://www.google.com/maps/place/Chiniot+Food+Pakwan+Chen+One+Road+Near+Government+Baker+Faisalabad/data=!4m7!3m6!1s0x39226811c542493f:0x33af3308e49755ff!8m2!3d31.4125459!4d73.1041383!16s%2Fg%2F11cs1cb2lk!19sChIJP0lCxRFoIjkR_1WX5AgzrzM?authuser=0&hl=en&g_ep=EgoyMDI2MDkwMi4wIJJjKgBIAVAD&rclk=1
pakwan center and retuarents in faislabad in Samundri Road Pakistan,Ideal BBQ & Pakwan center,+92 300 7265794,https://www.google.com/maps/place/Ideal+BBQ+%26+Pakwan+center/data=!4m7!3m6!1s0x39226900207267c1:0x6ac36d4f567a1294!8m2!3d31.4426646!4d73.0954266!16s%2Fg%2F11xlyg5rx7!19sChIJwWdyIABpIjkRlBJ6Vk9tw2o?authuser=0&hl=en&g_ep=EgoyMDI2MDkwMi4wIJJjKgBIAVAD&rclk=1
pakwan center and retuarents in faislabad in Samundri Road Pakistan,Queen’s Pakwan Centre,Not Found,https://www.google.com/maps/place/Queen%E2%80%99s+Pakwan+Centre/data=!4m7!3m6!1s0x39226f4dd7848ae1:0x61d7b6c7590a591!8m2!3d31.4621311!4d73.1864564!16s%2Fg%2F11sx0f374d!19sChIJ4YqE101vIjkRkaWQdWx7HQY?authuser=0&hl=en&g_ep=EgoyMDI2MDkwMi4wIJJjKgBIAVAD&rclk=1
pakwan center and retuarents in faislabad in Samundri Road Pakistan,Punjab Faisalabad Pakwan,+92 300 6650352,https://www.google.com/maps/place/Punjab+Faisalabad+Pakwan/data=!4m7!3m6!1s0x3922682eaaf1e671:0x73d24dbe92944953!8m2!3d31.4495695!4d73.097496!16s%2Fg%2F11f3rd84f3!19sChIJcebxqi5oIjkRU0mUkr5N0nM?authuser=0&hl=en&g_ep=EgoyMDI2MDkwMi4wIJJjKgBIAVAD&rclk=1
pakwan center and retuarents in faislabad in Samundri Road Pakistan,Chenab Pakwan Center,+92 300 7252137,https://www.google.com/maps/place/Chenab+Pakwan+Center/data=!4m7!3m6!1s0x3922430025cf805b:0xf728a11f5f6081df!8m2!3d31.409247!4d73.063577!16s%2Fg%2F11wjc2bd_t!19sChIJW4DPJQBDIjkR34FgXx-hKPc?authuser=0&hl=en&g_ep=EgoyMDI2MDkwMi4wIJJjKgBIAVAD&rclk=1
pakwan center and retuarents in faislabad in Samundri Road Pakistan,Abdullah Pakwan Centre,+92 301 7181627,https://www.google.com/maps/place/Abdullah+Pakwan+Centre/data=!4m7!3m6!1s0x3922690075fa8d39:0x55491e00b6314872!8m2!3d31.4619429!4d73.1397149!16s%2Fg%2F11z1_xcj1w!19sChIJOY36dQBpIjkRckgxtgAeSVU?authuser=0&hl=en&g_ep=EgoyMDI2MDkwMi4wIJJjKgBIAVAD&rclk=1
pakwan center and retuarents in faislabad in Samundri Road Pakistan,Amjad pakwan center,+92 303 4341726,https://www.google.com/maps/place/Amjad+pakwan+center/data=!4m7!3m6!1s0x3922698ce75938c1:0x783090f6abe60a8c!8m2!3d31.4584667!4d73.1066517!16s%2Fg%2F11twfpd_x4!19sChIJwThZ54xpIjkRjArmq_aQMHg?authuser=0&hl=en&g_ep=EgoyMDI2MDkwMi4wIJJjKgBIAVAD&rclk=1
pakwan center and retuarents in faislabad in Samundri Road Pakistan,Danish Pakwan Center,Not Found,https://www.google.com/maps/place/Danish+Pakwan+Center/data=!4m7!3m6!1s0x392243d674c3d01f:0x9fd01bc2b8fb1b6!8m2!3d31.4554563!4d73.0412951!16s%2Fg%2F11h8h3r00j!19sChIJH9DDdNZDIjkRtrGPK7wB_Qk?authuser=0&hl=en&g_ep=EgoyMDI2MDkwMi4wIJJjKgBIAVAD&rclk=1
pakwan center and retuarents in faislabad in Samundri Road Pakistan,Sundar Pakwan And Catering Service,+92 301 5843317,https://www.google.com/maps/place/Sundar+Pakwan+And+Catering+Service/data=!4m7!3m6!1s0x392269d02bc5818f:0x489402b6fb7cf6a6!8m2!3d31.453546!4d73.0993436!16s%2Fg%2F11cm48h41q!19sChIJj4HFK9BpIjkRpvZ8-7YClEg?authuser=0&hl=en&g_ep=EgoyMDI2MDkwMi4wIJJjKgBIAVAD&rclk=1
pakwan center and retuarents in faislabad in Samundri Road Pakistan,Kashmiri Pakwan,+92 344 4477448,https://www.google.com/maps/place/Kashmiri+Pakwan/data=!4m7!3m6!1s0x392269bb80051d43:0x582d8e39c6e56093!8m2!3d31.4111875!4d73.1030625!16s%2Fg%2F11w8q33kyl!19sChIJQx0FgLtpIjkRk2DlxjmOLVg?authuser=0&hl=en&g_ep=EgoyMDI2MDkwMi4wIJJjKgBIAVAD&rclk=1
pakwan center and retuarents in faislabad in Samundri Road Pakistan,Ustad Nunah Pakwan Centre,Not Found,https://www.google.com/maps/place/Ustad+Nunah+Pakwan+Centre/data=!4m7!3m6!1s0x39225d115ea3a431:0xd7407e121bf13a12!8m2!3d31.3925915!4d73.0706496!16s%2Fg%2F11h6smmj41!19sChIJMaSjXhFdIjkREjrxGxJ-QNc?authuser=0&hl=en&g_ep=EgoyMDI2MDkwMi4wIJJjKgBIAVAD&rclk=1
pakwan center and retuarents in faislabad in Samundri Road Pakistan,Haleema pakwan center,+92 324 7279789,https://www.google.com/maps/place/Haleema+pakwan+center/data=!4m7!3m6!1s0x392243d9744045b9:0xd64e73a616b88f0b!8m2!3d31.4406764!4d73.0559556!16s%2Fg%2F11fkm6t6d1!19sChIJuUVAdNlDIjkRC4-4FqZzTtY?authuser=0&hl=en&g_ep=EgoyMDI2MDkwMi4wIJJjKgBIAVAD&rclk=1
pakwan center and retuarents in faislabad in Samundri Road Pakistan,Royal Taste BBQ & Pakwan Center,+92 323 7674736,https://www.google.com/maps/place/Royal+Taste+BBQ+%26+Pakwan+Center/data=!4m7!3m6!1s0x392268931528b111:0x8c3e1f02127d4209!8m2!3d31.4279917!4d73.1519398!16s%2Fg%2F11g69zlhv6!19sChIJEbEoFZNoIjkRCUJ9EgIfPow?authuser=0&hl=en&g_ep=EgoyMDI2MDkwMi4wIJJjKgBIAVAD&rclk=1
pakwan center and retuarents in faislabad in Samundri Road Pakistan,HAIDERY PAKWAN CENTER,+92 303 8901490,https://www.google.com/maps/place/HAIDERY+PAKWAN+CENTER/data=!4m7!3m6!1s0x3922435953d090ab:0x724e128944d6a5d2!8m2!3d31.4258474!4d73.0643471!16s%2Fg%2F11q8g9_ryy!19sChIJq5DQU1lDIjkR0qXWRIkSTnI?authuser=0&hl=en&g_ep=EgoyMDI2MDkwMi4wIJJjKgBIAVAD&rclk=1
pakwan center and retuarents in faislabad in Samundri Road Pakistan,Karachi pakwan and restaurant,+92 328 7000258,https://www.google.com/maps/place/Karachi+pakwan+and+restaurant/data=!4m7!3m6!1s0x39224362d19d6601:0xc2f3466c98e63c2a!8m2!3d31.4493435!4d73.0783284!16s%2Fg%2F11v5g1hqg2!19sChIJAWad0WJDIjkRKjzmmGxG88I?authuser=0&hl=en&g_ep=EgoyMDI2MDkwMi4wIJJjKgBIAVAD&rclk=1
pakwan center and retuarents in faislabad in Samundri Road Pakistan,AA PAKWAN CENTRE,+92 300 7225276,https://www.google.com/maps/place/AA+PAKWAN+CENTRE/data=!4m7!3m6!1s0x3922434ac851f377:0x24be4d3731ed153f!8m2!3d31.3827351!4d73.0573517!16s%2Fg%2F11gmgw1w96!19sChIJd_NRyEpDIjkRPxXtMTdNviQ?authuser=0&hl=en&g_ep=EgoyMDI2MDkwMi4wIJJjKgBIAVAD&rclk=1
pakwan center and retuarents in faislabad in Samundri Road Pakistan,Haq Bahu Pakwan Centre and salon,+92 300 7941005,https://www.google.com/maps/place/Haq+Bahu+Pakwan+Centre+and+salon/data=!4m7!3m6!1s0x392265dd8da2c78d:0xec85384b4d6542eb!8m2!3d31.3905456!4d73.1897535!16s%2Fg%2F12mkzzmch!19sChIJjceijd1lIjkR60JlTUs4hew?authuser=0&hl=en&g_ep=EgoyMDI2MDkwMi4wIJJjKgBIAVAD&rclk=1
pakwan center and retuarents in faislabad in Samundri Road Pakistan,Faisalabad Food Pakwan,+92 301 5898718,https://www.google.com/maps/place/Faisalabad+Food+Pakwan/data=!4m7!3m6!1s0x392269b5727d842f:0x38d32b626ce862b2!8m2!3d31.4626123!4d73.1262554!16s%2Fg%2F11j4y5z0ww!19sChIJL4R9crVpIjkRsmLobGIr0zg?authuser=0&hl=en&g_ep=EgoyMDI2MDkwMi4wIJJjKgBIAVAD&rclk=1
pakwan center and retuarents in faislabad in Samundri Road Pakistan,Tahir Pakwan Centre,+92 321 7863558,https://www.google.com/maps/place/Tahir+Pakwan+Centre/data=!4m7!3m6!1s0x3922690000fc9f7b:0xb5e4bc6ea62b8dd3!8m2!3d31.4415509!4d73.1338769!16s%2Fg%2F11y78xh2w9!19sChIJe5_8AABpIjkR040rpm685LU?authuser=0&hl=en&g_ep=EgoyMDI2MDkwMi4wIJJjKgBIAVAD&rclk=1
pakwan center and retuarents in faislabad in Samundri Road Pakistan,AB Pakwan and Naan Center اے بی پکوان اینڈ نام سنٹر,+92 301 7144299,https://www.google.com/maps/place/AB+Pakwan+and+Naan+Center+%D8%A7%DB%92+%D8%A8%DB%8C+%D9%BE%DA%A9%D9%88%D8%A7%D9%86+%D8%A7%DB%8C%D9%86%DA%88+%D9%86%D8%A7%D9%85+%D8%B3%D9%86%D9%B9%D8%B1%E2%80%AD/data=!4m7!3m6!1s0x39226720d73e8195:0xbf3a9df63828630c!8m2!3d31.4057862!4d73.1476804!16s%2Fg%2F11mv_2c8b_!19sChIJlYE-1yBnIjkRDGMoOPadOr8?authuser=0&hl=en&g_ep=EgoyMDI2MDkwMi4wIJJjKgBIAVAD&rclk=1
pakwan center and retuarents in faislabad in Samundri Road Pakistan,Shani pakwan center,+92 300 7660093,https://www.google.com/maps/place/Shani+pakwan+center/data=!4m7!3m6!1s0x39224302959cc985:0x5a5da81499a66f26!8m2!3d31.4043464!4d73.0373279!16s%2Fg%2F11t9433l_m!19sChIJhcmclQJDIjkRJm-mmRSoXVo?authuser=0&hl=en&g_ep=EgoyMDI2MDkwMi4wIJJjKgBIAVAD&rclk=1
pakwan center and retuarents in faislabad in Samundri Road Pakistan,Apna Mohsin Pakwan Center,Not Found,https://www.google.com/maps/place/Apna+Mohsin+Pakwan+Center/data=!4m7!3m6!1s0x392243005bafec97:0xbccec39dafc05a59!8m2!3d31.4441512!4d73.0405902!16s%2Fg%2F11mdphchn7!19sChIJl-yvWwBDIjkRWVrAr53Dzrw?authuser=0&hl=en&g_ep=EgoyMDI2MDkwMi4wIJJjKgBIAVAD&rclk=1
pakwan center and retuarents in faislabad in Samundri Road Pakistan,Tariq Pakwan center,+92 311 6773038,https://www.google.com/maps/place/Tariq+Pakwan+center/data=!4m7!3m6!1s0x39225d003f237df3:0x8aaee4739192d880!8m2!3d31.3835977!4d73.0672057!16s%2Fg%2F11x5s0hppy!19sChIJ830jPwBdIjkRgNiSkXPkroo?authuser=0&hl=en&g_ep=EgoyMDI2MDkwMi4wIJJjKgBIAVAD&rclk=1
pakwan center and retuarents in faislabad in Samundri Road Pakistan,Bola pakwan center,Not Found,https://www.google.com/maps/place/Bola+pakwan+center/data=!4m7!3m6!1s0x3922430003172919:0x7c4cdcc79ca91d78!8m2!3d31.4448657!4d73.040725!16s%2Fg%2F11ycbhxmfx!19sChIJGSkXAwBDIjkReB2pnMfcTHw?authuser=0&hl=en&g_ep=EgoyMDI2MDkwMi4wIJJjKgBIAVAD&rclk=1
pakwan center and retuarents in faislabad in Samundri Road Pakistan,Awan Frozen Food and Pakwan center,+92 300 7901862,https://www.google.com/maps/place/Awan+Frozen+Food+and+Pakwan+center/data=!4m7!3m6!1s0x392243263b85b8e7:0x690820a7c6cb452c!8m2!3d31.4179584!4d73.0824704!16s%2Fg%2F11k548xj8m!19sChIJ57iFOyZDIjkRLEXLxqcgCGk?authuser=0&hl=en&g_ep=EgoyMDI2MDkwMi4wIJJjKgBIAVAD&rclk=1
pakwan center and retuarents in faislabad in Samundri Road Pakistan,Bismillah pakwan Center and tikka shop,+92 304 7928415,https://www.google.com/maps/place/Bismillah+pakwan+Center+and+tikka+shop/data=!4m7!3m6!1s0x392267a9c6e8fa97:0x7d45636adf61a855!8m2!3d31.3844994!4d73.0921248!16s%2Fg%2F11twh9d_lb!19sChIJl_roxqlnIjkRVahh32pjRX0?authuser=0&hl=en&g_ep=EgoyMDI2MDkwMi4wIJJjKgBIAVAD&rclk=1
